???????,?????????,????,???????2,??????????????3,?????????????4
C2483,?????,?????,39.72,134,1425
C2483,?????,?????,39.72,15,1425
C2483,?????,?????,51.93,385,1425
C2483,?????,?????,51.93,15,1425
C2483,?????,?????,51.93,41,1425
C2483,?????,?????,51.95,89,1425
C2483,?????,?????,51.95,135,1425
C2483,?????,?????,59.88,86,1425
C2515,?????,?????,33.48,276,624
C2515,?????,?????,39.6,60,624
C2515,?????,?????,39.6,20,624
C2515,?????,?????,46.9,38,624
C2515,?????,?????,46.9,19,624
C2515,?????,?????,51.97,106,624
C2515,?????,?????,51.97,26,624
C1407,?????,??????????,30.95,288,1285
C1407,?????,??????????,30.99,68,1285
C1407,?????,??????????,30.99,34,1285
C1407,?????,??????????,41.11,148,1285
C1407,?????,??????????,41.39,74,1285
C1407,?????,??????????,41.58,70,1285
C1407,?????,??????????,41.58,70,1285
C1407,?????,??????????,46.36,170,1285
C1407,?????,??????????,46.36,170,1285
C1407,?????,??????????,51.24,62,1285
C1407,?????,??????????,51.24,62,1285
C1945,?????,???,39.72,120,734
C1945,?????,???,39.72,120,734
C1945,?????,???,51.93,207,734
C1945,?????,???,51.93,96,734
C1945,?????,???,59.88,160,734
C1945,?????,???,59.88,52,734
C1470,?????,??????,36.55,228,645
C1470,?????,??????,36.55,26,645
C1470,?????,??????,46.9,196,645
C1470,?????,??????,51.93,246,645
C1898,?????,??????,36.55,230,517
C1898,?????,??????,36.55,28,517
C1898,?????,??????,36.62,13,517
C1898,?????,??????,46.9,194,517
C1898,?????,??????,46.9,15,517
C1898,?????,??????,51.93,86,517
C1244,?????,???,39.62,275,1483
C1244,?????,???,39.62,126,1483
C1244,?????,???,39.62,168,1483
C1244,?????,???,39.72,219,1483
C1244,?????,???,46.73,98,1483
C1244,?????,???,46.81,144,1483
C1244,?????,???,46.81,76,1483
C1244,?????,???,46.81,76,1483
C1244,?????,???,46.95,75,1483
C1244,?????,???,46.95,75,1483
C1244,?????,???,51.78,232,1483
C1244,?????,???,51.78,83,1483
C1244,?????,???,51.95,75,1483
C1171,?????,??????????,33.38,190,634
C1171,?????,??????????,39.46,106,634
C1171,?????,??????????,39.46,43,634
C1171,?????,??????????,39.46,15,634
C1171,?????,??????????,46.66,38,634
C1171,?????,??????????,46.66,15,634
C1171,?????,??????????,46.87,46,634
C1171,?????,??????????,46.87,23,634
C1171,?????,??????????,46.88,78,634
C1171,?????,??????????,46.88,30,634
C1171,?????,??????????,51.96,20,634
C1171,?????,??????????,51.96,20,634
C2073,?????,??????,39.63,94,288
C2073,?????,??????,39.63,74,288
C2073,?????,??????,46.9,97,288
C2073,?????,??????,46.9,46,288
C2073,?????,??????,46.96,10,288
C2073,?????,??????,59.89,40,288
C2513,?????,?????????,51.88,517,530
C2513,?????,?????????,51.88,179,530
C2513,?????,?????????,51.93,58,530
C1936,?????,?????????,51.88,120,168
C1936,?????,?????????,51.88,60,168
C1936,?????,?????????,51.88,20,168
C1936,?????,?????????,51.93,40,168
C2049,?????,??????,51.49,178,631
C2049,?????,??????,51.95,360,631
C2049,?????,??????,59.64,150,631
C2202,?????,??????,37.67,89,222
C2202,?????,??????,42.9,354,222
C2202,?????,??????,49.44,180,222
C1925,?????,??????,26.37,298,117
C1925,?????,??????,31.32,298,117
C1925,??,??????,32.1,1,117
C1925,??,??????,32.1,1,117
C1925,??,??????,32.1,1,117
C1925,??,??????,72.16,1,117
C2576,?????,?????,46.9,313,296
C2576,?????,?????,59.88,92,296
C1312,?????,???????,39.72,60,527
C1312,?????,???????,39.98,89,527
C1312,?????,???????,41.55,225,527
C1312,?????,???????,46.9,143,527
C1874,?????,???????,26.37,294,97
C1874,?????,???????,26.37,149,97
C1874,?????,???????,31.32,149,97
C1874,??,???????,12.62,1,97
C1874,??,???????,17.4,1,97
C1874,??,???????,17.4,1,97
C1874,??,???????,22.89,1,97
C1874,??,???????,23.13,1,97
C1874,??,???????,23.13,1,97
C1874,??,???????,23.25,1,97
C1874,??,???????,27.75,1,97
C1874,??,???????,27.75,1,97
C1874,??,???????,27.75,1,97
C1874,??,???????,27.75,1,97
C1874,??,???????,27.75,1,97
C1874,??,???????,27.75,1,97
C1874,??,???????,27.75,1,97
C1874,??,???????,27.75,1,97
C1874,??,???????,27.75,1,97
C1874,??,???????,27.75,1,97
C1874,??,???????,27.75,1,97
C1874,??,???????,28.19,1,97
C1874,??,???????,34.8,1,97
C1874,??,???????,34.8,1,97
C1874,??,???????,42.35,1,97
C1874,??,???????,42.4,1,97
C1874,??,???????,49.37,1,97
C1874,??,???????,55.17,1,97
C1874,??,???????,55.17,1,97
C1874,??,???????,55.5,1,97
C2650,?????,?•ÎÅç????,36.44,557,616
C2650,?????,?•ÎÅç????,45.09,20,616
C2650,?????,?•ÎÅç????,45.32,298,616
C2416,?????,?????,26.34,360,154
C2416,?????,?????,30.48,192,154
C2416,??,?????,19.69,1,154
C2416,??,?????,27.12,1,154
C2416,??,?????,32.54,1,154
C2416,??,?????,36.43,1,154
C2416,??,?????,46.89,1,154
C2416,??,?????,49.99,1,154
C2416,??,?????,51.14,1,154
C2416,??,?????,317.17,1,154
C2013,?????,?????,36.02,90,509
C2013,?????,?????,36.38,237,509
C2013,?????,?????,45.88,267,509
C1424,?????,??????????,39.99,268,517
C1424,?????,??????????,49.95,119,517
C1424,?????,??????????,49.95,237,517
C2100,?????,??????????,51.51,46,736
C2100,?????,??????????,51.59,35,736
C2100,?????,??????????,51.9,589,736
C2100,?????,??????????,59.91,118,736
C2100,?????,??????????,59.94,46,736
C2100,?????,??????????,59.99,46,736
C2621,?????,??????????,26.37,890,277
C2621,?????,??????????,26.37,141,277
C2621,?????,??????????,26.37,20,277
C2621,?????,??????????,26.37,20,277
C2621,?????,??????????,31.32,298,277
C2621,?????,??????????,52.74,9,277
C2621,?????,??????????,52.74,4,277
C2621,?????,??????????,52.74,4,277
C2621,??,??????????,31.84,1,277
C2621,??,??????????,31.84,1,277
C2621,??,??????????,31.84,1,277
C2621,??,??????????,31.84,1,277
C2621,??,??????????,31.84,1,277
C2621,??,??????????,31.84,1,277
C2621,??,??????????,31.84,1,277
C2621,??,??????????,31.84,1,277
C2621,??,??????????,63.68,1,277
C2621,??,??????????,137.49,1,277
C2520,?????,??????????,39.69,960,420
C2319,?????,??????????,51.86,98,548
C2319,?????,??????????,51.91,83,548
C2319,?????,??????????,51.96,157,548
C2319,?????,??????????,59.57,267,548
C1616,?????,??????????,26.37,588,407
C1616,?????,??????????,31.32,450,407
C1616,?????,??????????,40.32,450,407
C1616,??,??????????,38,1,407
C1616,??,??????????,38,1,407
C1616,??,??????????,37.26,1,407
C1616,??,??????????,37.41,1,407
C1616,??,??????????,37.41,1,407
C1616,??,??????????,37.41,1,407
C1616,??,??????????,37.49,1,407
C1616,??,??????????,37.95,1,407
C1616,??,??????????,37.95,1,407
C1616,??,??????????,38.04,1,407
C1616,??,??????????,39.33,1,407
C1616,??,??????????,39.33,1,407
C1616,??,??????????,39.33,1,407
C1616,??,??????????,54.51,1,407
C1616,??,??????????,54.61,1,407
C1616,??,??????????,54.91,1,407
C1616,??,??????????,75.98,1,407
C1616,??,??????????,109.11,1,407
C1616,??,??????????,583.4,1,407
C1704,?????,??????????,39.3,204,162
C1704,?????,??????????,39.69,420,162
C1704,??,??????????,31.84,1,162
C1704,??,??????????,31.84,1,162
C1704,??,??????????,31.84,1,162
C1704,??,??????????,31.84,1,162
C1704,??,??????????,31.84,1,162
C1704,??,??????????,31.84,1,162
C1704,??,??????????,31.84,1,162
C1704,??,??????????,31.84,1,162
C1704,??,??????????,31.84,1,162
C1704,??,??????????,31.84,1,162
C1704,??,??????????,31.84,1,162
C1704,??,??????????,31.84,1,162
C1704,??,??????????,31.84,1,162
C1704,??,??????????,31.84,1,162
C1704,??,??????????,126.65,1,162
C2258,?????,??????????,26.37,588,287
C2258,?????,??????????,31.32,180,287
C2258,?????,??????????,40.32,180,287
C2258,??,??????????,19,1,287
C2258,??,??????????,14.1,1,287
C2258,??,??????????,19.31,1,287
C2258,??,??????????,21.19,1,287
C2258,??,??????????,21.19,1,287
C2258,??,??????????,22.95,1,287
C2258,??,??????????,23.4,1,287
C2258,??,??????????,23.4,1,287
C2258,??,??????????,23.4,1,287
C2258,??,??????????,23.4,1,287
C2258,??,??????????,27.23,1,287
C2258,??,??????????,31.85,1,287
C2258,??,??????????,32.29,1,287
C2258,??,??????????,35.13,1,287
C2258,??,??????????,36.47,1,287
C2258,??,??????????,50.08,1,287
C2258,??,??????????,240.22,1,287
C1032,?????,??????????,39.65,68,986
C1032,?????,??????????,46.47,69,986
C1032,?????,??????????,51.84,63,986
C1032,?????,??????????,51.92,251,986
C1032,?????,??????????,59.99,171,986
C1032,?????,??????????,59.99,324,986
C2038,?????,??????????,26.37,588,150
C2038,?????,??????????,31.32,90,150
C2038,?????,??????????,40.32,90,150
C2038,??,??????????,19,1,150
C2038,??,??????????,14.1,1,150
C2038,??,??????????,19.31,1,150
C2038,??,??????????,21.19,1,150
C2038,??,??????????,21.19,1,150
C2038,??,??????????,22.95,1,150
C2038,??,??????????,23.4,1,150
C2038,??,??????????,23.4,1,150
C2038,??,??????????,23.4,1,150
C2038,??,??????????,23.4,1,150
C2038,??,??????????,27.23,1,150
C2038,??,??????????,31.85,1,150
C2038,??,??????????,32.29,1,150
C2038,??,??????????,35.13,1,150
C2038,??,??????????,36.47,1,150
C2038,??,??????????,50.08,1,150
C2038,??,??????????,240.22,1,150
C1859,?????,??????????,26.37,1865,487
C1859,?????,??????????,26.37,10,487
C1859,?????,??????????,26.37,10,487
C1859,?????,??????????,31.32,478,487
C1859,?????,??????????,52.74,26,487
C1859,??,??????????,38,1,487
C1859,??,??????????,38,1,487
C1859,??,??????????,31.84,1,487
C1859,??,??????????,31.84,1,487
C1859,??,??????????,31.84,1,487
C1859,??,??????????,31.84,1,487
C1859,??,??????????,31.84,1,487
C1859,??,??????????,31.84,1,487
C1859,??,??????????,31.84,1,487
C1859,??,??????????,31.84,1,487
C1859,??,??????????,31.84,1,487
C1859,??,??????????,31.84,1,487
C1859,??,??????????,31.84,1,487
C1859,??,??????????,31.84,1,487
C1859,??,??????????,31.84,1,487
C1859,??,??????????,31.84,1,487
C1859,??,??????????,37.26,1,487
C1859,??,??????????,37.41,1,487
C1859,??,??????????,37.41,1,487
C1859,??,??????????,37.41,1,487
C1859,??,??????????,37.49,1,487
C1859,??,??????????,37.95,1,487
C1859,??,??????????,37.95,1,487
C1859,??,??????????,38.04,1,487
C1859,??,??????????,39.33,1,487
C1859,??,??????????,39.33,1,487
C1859,??,??????????,39.33,1,487
C1859,??,??????????,54.51,1,487
C1859,??,??????????,54.51,1,487
C1859,??,??????????,54.51,1,487
C1859,??,??????????,54.6,1,487
C1859,??,??????????,54.61,1,487
C1859,??,??????????,75.98,1,487
C1859,??,??????????,126.65,1,487
C1859,??,??????????,583.4,1,487
C1722,?????,??????,37.67,89,264
C1722,?????,??????,49.69,267,264
C1722,?????,??????,49.69,149,264
C1722,?????,??????,26.37,149,264
C1722,?????,??????,31.32,149,264
C1722,??,??????,32.1,1,264
C1722,??,??????,32.1,1,264
C1722,??,??????,32.1,1,264
C1722,??,??????,32.1,1,264
C1722,??,??????,32.1,1,264
C1722,??,??????,72.16,1,264
C1850,?????,?????,39.74,89,226
C1850,?????,?????,49.62,178,226
C1850,?????,?????,49.62,118,226
C2190,?????,?????,26.37,191,178
C2190,?????,?????,26.37,358,178
C2190,?????,?????,26.37,298,178
C2190,?????,?????,31.32,149,178
C2190,??,?????,16,1,178
C2190,??,?????,14.17,1,178
C2190,??,?????,18.9,1,178
C2190,??,?????,20.52,1,178
C2190,??,?????,22.97,1,178
C2190,??,?????,22.97,1,178
C2190,??,?????,23.4,1,178
C2190,??,?????,23.4,1,178
C2190,??,?????,23.4,1,178
C2190,??,?????,23.4,1,178
C2190,??,?????,25.88,1,178
C2190,??,?????,27.3,1,178
C2190,??,?????,29.62,1,178
C2190,??,?????,30.62,1,178
C2190,??,?????,35.91,1,178
C2190,??,?????,44.63,1,178
C2190,??,?????,46.8,1,178
C1476,?????,?????,26.37,298,107
C1476,?????,?????,31.32,149,107
C1476,??,?????,32.1,1,107
C1476,??,?????,32.1,1,107
C1476,??,?????,32.1,1,107
C1476,??,?????,32.1,1,107
C1476,??,?????,32.1,1,107
C1476,??,?????,72.16,1,107
C1077,?????,?????,36.65,258,612
C1077,?????,?????,46.9,277,612
C1077,?????,?????,51.93,326,612
C1068,?????,???????,36.65,200,804
C1068,?????,???????,36.98,130,804
C1068,?????,???????,41.55,252,804
C1068,?????,???????,46.86,44,804
C1068,?????,???????,46.98,88,804
C1068,?????,???????,51.93,91,804
C1983,?????,???????,36,40,200
C1983,?????,???????,35.28,198,200
C1983,?????,???????,35.28,78,200
C1983,?????,???????,26.37,478,200
C1983,?????,???????,31.32,99,200
C1983,??,???????,31.84,1,200
C1983,??,???????,31.84,1,200
C1983,??,???????,31.84,1,200
C1983,??,???????,31.84,1,200
C1983,??,???????,31.84,1,200
C1983,??,???????,31.84,1,200
C1983,??,???????,31.84,1,200
C1983,??,???????,31.84,1,200
C1983,??,???????,63.68,1,200
C1983,??,???????,126.65,1,200
C2135,?????,?•ÎÅç????,26.37,358,262
C2135,?????,?•ÎÅç????,26.37,294,262
C2135,?????,?•ÎÅç????,31.32,447,262
C2135,??,?•ÎÅç????,14.1,1,262
C2135,??,?•ÎÅç????,18.98,1,262
C2135,??,?•ÎÅç????,19.36,1,262
C2135,??,?•ÎÅç????,21.46,1,262
C2135,??,?•ÎÅç????,21.46,1,262
C2135,??,?•ÎÅç????,22.83,1,262
C2135,??,?•ÎÅç????,23.4,1,262
C2135,??,?•ÎÅç????,23.4,1,262
C2135,??,?•ÎÅç????,23.4,1,262
C2135,??,?•ÎÅç????,23.4,1,262
C2135,??,?•ÎÅç????,27.55,1,262
C2135,??,?•ÎÅç????,29.17,1,262
C2135,??,?•ÎÅç????,31.92,1,262
C2135,??,?•ÎÅç????,32.6,1,262
C2135,??,?•ÎÅç????,36.57,1,262
C2135,??,?•ÎÅç????,50.08,1,262
C2135,??,?•ÎÅç????,240.22,1,262
C2034,?????,?•ÎÅç????,26.37,596,405
C2034,?????,?•ÎÅç????,26.37,119,405
C2034,?????,?•ÎÅç????,31.32,745,405
C2034,??,?•ÎÅç????,14.1,1,405
C2034,??,?•ÎÅç????,18.98,1,405
C2034,??,?•ÎÅç????,19.36,1,405
C2034,??,?•ÎÅç????,21.46,1,405
C2034,??,?•ÎÅç????,21.46,1,405
C2034,??,?•ÎÅç????,22.83,1,405
C2034,??,?•ÎÅç????,23.4,1,405
C2034,??,?•ÎÅç????,23.4,1,405
C2034,??,?•ÎÅç????,23.4,1,405
C2034,??,?•ÎÅç????,23.4,1,405
C2034,??,?•ÎÅç????,27.55,1,405
C2034,??,?•ÎÅç????,29.17,1,405
C2034,??,?•ÎÅç????,31.92,1,405
C2034,??,?•ÎÅç????,32.1,1,405
C2034,??,?•ÎÅç????,32.1,1,405
C2034,??,?•ÎÅç????,32.1,1,405
C2034,??,?•ÎÅç????,32.1,1,405
C2034,??,?•ÎÅç????,32.1,1,405
C2034,??,?•ÎÅç????,32.1,1,405
C2034,??,?•ÎÅç????,32.1,1,405
C2034,??,?•ÎÅç????,32.1,1,405
C2034,??,?•ÎÅç????,32.6,1,405
C2034,??,?•ÎÅç????,36.57,1,405
C2034,??,?•ÎÅç????,50.08,1,405
C2034,??,?•ÎÅç????,72.26,1,405
C2034,??,?•ÎÅç????,240.22,1,405
C1109,?????,?•ÎÅç????,26.37,1490,351
C1109,?????,?•ÎÅç????,31.32,447,351
C1109,??,?•ÎÅç????,30,1,351
C1109,??,?•ÎÅç????,21.85,1,351
C1109,??,?•ÎÅç????,21.94,1,351
C1109,??,?•ÎÅç????,21.98,1,351
C1109,??,?•ÎÅç????,21.98,1,351
C1109,??,?•ÎÅç????,21.98,1,351
C1109,??,?•ÎÅç????,21.98,1,351
C1109,??,?•ÎÅç????,22.24,1,351
C1109,??,?•ÎÅç????,23.35,1,351
C1109,??,?•ÎÅç????,25.98,1,351
C1109,??,?•ÎÅç????,26.53,1,351
C1109,??,?•ÎÅç????,28.38,1,351
C1109,??,?•ÎÅç????,28.45,1,351
C1109,??,?•ÎÅç????,33.39,1,351
C1109,??,?•ÎÅç????,33.51,1,351
C1109,??,?•ÎÅç????,33.51,1,351
C1109,??,?•ÎÅç????,33.51,1,351
C1109,??,?•ÎÅç????,36.76,1,351
C1109,??,?•ÎÅç????,52.5,1,351
C1109,??,?•ÎÅç????,401.5,1,351
C1497,?????,?•ÎÅç????,39.41,357,375
C1497,?????,?•ÎÅç????,39.43,445,375
C2289,?????,?•ÎÅç????,26.37,382,240
C2289,?????,?•ÎÅç????,26.37,588,240
C2289,?????,?•ÎÅç????,31.32,239,240
C2289,?????,?•ÎÅç????,31.32,298,240
C2289,??,?•ÎÅç????,38,1,240
C2289,??,?•ÎÅç????,38,1,240
C2289,??,?•ÎÅç????,37.26,1,240
C2289,??,?•ÎÅç????,37.41,1,240
C2289,??,?•ÎÅç????,37.41,1,240
C2289,??,?•ÎÅç????,37.41,1,240
C2289,??,?•ÎÅç????,37.49,1,240
C2289,??,?•ÎÅç????,37.95,1,240
C2289,??,?•ÎÅç????,37.95,1,240
C2289,??,?•ÎÅç????,38.04,1,240
C2289,??,?•ÎÅç????,39.33,1,240
C2289,??,?•ÎÅç????,39.33,1,240
C2289,??,?•ÎÅç????,39.33,1,240
C2289,??,?•ÎÅç????,54.51,1,240
C2289,??,?•ÎÅç????,54.51,1,240
C2289,??,?•ÎÅç????,54.51,1,240
C2289,??,?•ÎÅç????,54.6,1,240
C2289,??,?•ÎÅç????,54.61,1,240
C2289,??,?•ÎÅç????,75.98,1,240
C2289,??,?•ÎÅç????,583.4,1,240
C2597,?????,?•ÎÅç????,26.37,588,166
C2597,?????,?•ÎÅç????,26.37,149,166
C2597,?????,?•ÎÅç????,31.32,239,166
C2597,??,?•ÎÅç????,15,1,166
C2597,??,?•ÎÅç????,19.25,1,166
C2597,??,?•ÎÅç????,19.25,1,166
C2597,??,?•ÎÅç????,22.89,1,166
C2597,??,?•ÎÅç????,23.88,1,166
C2597,??,?•ÎÅç????,23.91,1,166
C2597,??,?•ÎÅç????,24.38,1,166
C2597,??,?•ÎÅç????,24.38,1,166
C2597,??,?•ÎÅç????,27.5,1,166
C2597,??,?•ÎÅç????,27.5,1,166
C2597,??,?•ÎÅç????,27.75,1,166
C2597,??,?•ÎÅç????,27.75,1,166
C2597,??,?•ÎÅç????,27.75,1,166
C2597,??,?•ÎÅç????,27.75,1,166
C2597,??,?•ÎÅç????,27.75,1,166
C2597,??,?•ÎÅç????,27.75,1,166
C2597,??,?•ÎÅç????,27.75,1,166
C2597,??,?•ÎÅç????,28.19,1,166
C2597,??,?•ÎÅç????,28.88,1,166
C2597,??,?•ÎÅç????,28.88,1,166
C2597,??,?•ÎÅç????,28.88,1,166
C2597,??,?•ÎÅç????,28.88,1,166
C2597,??,?•ÎÅç????,28.88,1,166
C2597,??,?•ÎÅç????,42.35,1,166
C2597,??,?•ÎÅç????,42.4,1,166
C2597,??,?•ÎÅç????,55.17,1,166
C2597,??,?•ÎÅç????,55.17,1,166
C2597,??,?•ÎÅç????,55.5,1,166
C2597,??,?•ÎÅç????,248.56,1,166
C2310,?????,?•ÎÅç????,26.37,1074,217
C2310,?????,?•ÎÅç????,26.37,596,217
C2310,?????,?•ÎÅç????,31.32,298,217
C2310,??,?•ÎÅç????,38,1,217
C2310,??,?•ÎÅç????,38,1,217
C2310,??,?•ÎÅç????,37.26,1,217
C2310,??,?•ÎÅç????,37.41,1,217
C2310,??,?•ÎÅç????,37.41,1,217
C2310,??,?•ÎÅç????,37.41,1,217
C2310,??,?•ÎÅç????,37.49,1,217
C2310,??,?•ÎÅç????,37.95,1,217
C2310,??,?•ÎÅç????,37.95,1,217
C2310,??,?•ÎÅç????,38.04,1,217
C2310,??,?•ÎÅç????,39.33,1,217
C2310,??,?•ÎÅç????,39.33,1,217
C2310,??,?•ÎÅç????,39.33,1,217
C2310,??,?•ÎÅç????,54.51,1,217
C2310,??,?•ÎÅç????,54.51,1,217
C2310,??,?•ÎÅç????,54.51,1,217
C2310,??,?•ÎÅç????,54.6,1,217
C2310,??,?•ÎÅç????,54.61,1,217
C2310,??,?•ÎÅç????,75.98,1,217
C2310,??,?•ÎÅç????,583.4,1,217
C1672,?????,?•ÎÅç????,51.88,886,1043
C1672,?????,?•ÎÅç????,59.63,464,1043
C2132,?????,?•ÎÅç????,26.37,358,756
C2132,?????,?•ÎÅç????,26.37,1192,756
C2132,?????,?•ÎÅç????,31.32,239,756
C2132,?????,?•ÎÅç????,31.32,596,756
C2132,??,?•ÎÅç????,15,1,756
C2132,??,?•ÎÅç????,15,1,756
C2132,??,?•ÎÅç????,38,1,756
C2132,??,?•ÎÅç????,38,1,756
C2132,??,?•ÎÅç????,16.57,1,756
C2132,??,?•ÎÅç????,18.38,1,756
C2132,??,?•ÎÅç????,18.38,1,756
C2132,??,?•ÎÅç????,20.9,1,756
C2132,??,?•ÎÅç????,20.9,1,756
C2132,??,?•ÎÅç????,20.9,1,756
C2132,??,?•ÎÅç????,20.9,1,756
C2132,??,?•ÎÅç????,21.94,1,756
C2132,??,?•ÎÅç????,23.35,1,756
C2132,??,?•ÎÅç????,26.25,1,756
C2132,??,?•ÎÅç????,26.25,1,756
C2132,??,?•ÎÅç????,28.38,1,756
C2132,??,?•ÎÅç????,28.5,1,756
C2132,??,?•ÎÅç????,33.15,1,756
C2132,??,?•ÎÅç????,33.31,1,756
C2132,??,?•ÎÅç????,33.39,1,756
C2132,??,?•ÎÅç????,33.51,1,756
C2132,??,?•ÎÅç????,33.51,1,756
C2132,??,?•ÎÅç????,33.51,1,756
C2132,??,?•ÎÅç????,37.26,1,756
C2132,??,?•ÎÅç????,37.41,1,756
C2132,??,?•ÎÅç????,37.41,1,756
C2132,??,?•ÎÅç????,37.41,1,756
C2132,??,?•ÎÅç????,37.49,1,756
C2132,??,?•ÎÅç????,37.95,1,756
C2132,??,?•ÎÅç????,37.95,1,756
C2132,??,?•ÎÅç????,38.04,1,756
C2132,??,?•ÎÅç????,39.33,1,756
C2132,??,?•ÎÅç????,39.33,1,756
C2132,??,?•ÎÅç????,39.33,1,756
C2132,??,?•ÎÅç????,40.39,1,756
C2132,??,?•ÎÅç????,54.51,1,756
C2132,??,?•ÎÅç????,54.51,1,756
C2132,??,?•ÎÅç????,54.51,1,756
C2132,??,?•ÎÅç????,54.6,1,756
C2132,??,?•ÎÅç????,54.61,1,756
C2132,??,?•ÎÅç????,75.98,1,756
C2132,??,?•ÎÅç????,407.97,1,756
C2132,??,?•ÎÅç????,583.4,1,756
C1439,?????,?•ÎÅç????,26.37,1470,270
C1439,?????,?•ÎÅç????,31.32,120,270
C1439,?????,?•ÎÅç????,40.32,120,270
C1439,??,?•ÎÅç????,15,1,270
C1439,??,?•ÎÅç????,15,1,270
C1439,??,?•ÎÅç????,15,1,270
C1439,??,?•ÎÅç????,15,1,270
C1439,??,?•ÎÅç????,16.57,1,270
C1439,??,?•ÎÅç????,16.57,1,270
C1439,??,?•ÎÅç????,18.38,1,270
C1439,??,?•ÎÅç????,18.38,1,270
C1439,??,?•ÎÅç????,18.38,1,270
C1439,??,?•ÎÅç????,18.38,1,270
C1439,??,?•ÎÅç????,20.9,1,270
C1439,??,?•ÎÅç????,20.9,1,270
C1439,??,?•ÎÅç????,20.9,1,270
C1439,??,?•ÎÅç????,20.9,1,270
C1439,??,?•ÎÅç????,20.9,1,270
C1439,??,?•ÎÅç????,20.9,1,270
C1439,??,?•ÎÅç????,20.9,1,270
C1439,??,?•ÎÅç????,20.9,1,270
C1439,??,?•ÎÅç????,21.94,1,270
C1439,??,?•ÎÅç????,21.94,1,270
C1439,??,?•ÎÅç????,23.35,1,270
C1439,??,?•ÎÅç????,23.35,1,270
C1439,??,?•ÎÅç????,26.25,1,270
C1439,??,?•ÎÅç????,26.25,1,270
C1439,??,?•ÎÅç????,26.25,1,270
C1439,??,?•ÎÅç????,26.25,1,270
C1439,??,?•ÎÅç????,28.38,1,270
C1439,??,?•ÎÅç????,28.5,1,270
C1439,??,?•ÎÅç????,28.5,1,270
C1439,??,?•ÎÅç????,33.15,1,270
C1439,??,?•ÎÅç????,33.15,1,270
C1439,??,?•ÎÅç????,33.31,1,270
C1439,??,?•ÎÅç????,33.31,1,270
C1439,??,?•ÎÅç????,33.39,1,270
C1439,??,?•ÎÅç????,33.39,1,270
C1439,??,?•ÎÅç????,33.51,1,270
C1439,??,?•ÎÅç????,33.51,1,270
C1439,??,?•ÎÅç????,33.51,1,270
C1439,??,?•ÎÅç????,33.51,1,270
C1439,??,?•ÎÅç????,33.51,1,270
C1439,??,?•ÎÅç????,40.39,1,270
C1439,??,?•ÎÅç????,40.39,1,270
C1439,??,?•ÎÅç????,61.89,1,270
C1439,??,?•ÎÅç????,404.65,1,270
C1439,??,?•ÎÅç????,404.65,1,270
C1613,?????,?•ÎÅç????,51.49,220,594
C1613,?????,?•ÎÅç????,51.95,454,594
C1613,?????,?•ÎÅç????,59.64,166,594
C2216,?????,???????,39,210,97
C2216,?????,???????,39.39,180,97
C1899,?????,?????,26.37,298,109
C1899,?????,?????,31.32,149,109
C1899,??,?????,32.1,1,109
C1899,??,?????,32.1,1,109
C1899,??,?????,32.1,1,109
C1899,??,?????,32.1,1,109
C1056,?????,????????????,26.34,200,120
C1056,?????,????????????,30.48,200,120
C1056,??,????????????,31.84,1,120
C1056,??,????????????,31.84,1,120
C1056,??,????????????,31.84,1,120
C1056,??,????????????,31.84,1,120
C1056,??,????????????,31.84,1,120
C1056,??,????????????,31.84,1,120
C1056,??,????????????,31.84,1,120
C1056,??,????????????,31.84,1,120
C1056,??,????????????,31.84,1,120
C1056,??,????????????,31.84,1,120
C2644,?????,???????,37.67,89,190
C2644,?????,???????,37.67,298,190
C2644,?????,???????,26.37,239,190
C2644,?????,???????,26.37,149,190
C2644,??,???????,48.9,1,190
C2644,??,???????,49.72,1,190
C2644,??,???????,49.72,1,190
C1206,?????,??????,26.37,239,88
C1206,?????,??????,31.32,239,88
C1206,??,??????,31.84,1,88
C1206,??,??????,31.84,1,88
C1206,??,??????,31.84,1,88
C1206,??,??????,31.84,1,88
C1206,??,??????,31.84,1,88
C1206,??,??????,31.84,1,88
C1206,??,??????,31.84,1,88
C1206,??,??????,31.84,1,88
C1206,??,??????,63.68,1,88
C1206,??,??????,137.49,1,88
C2481,?????,??Åç????,36.8,435,486
C2481,?????,??Åç????,45.48,200,486
C2481,?????,??Åç????,45.98,58,486
C1718,?????,??Åç????,46.9,566,682
C1718,?????,??Åç????,51.93,187,682
C1655,?????,??????,39.54,88,402
C1655,?????,??????,46.79,88,402
C1655,?????,??????,46.9,180,402
C1655,?????,??????,51.93,142,402
C1430,?????,?•ÎÅç????,51.77,223,1296
C1430,?????,?•ÎÅç????,51.86,258,1296
C1430,?????,?•ÎÅç????,59.57,446,1296
C1430,?????,?•ÎÅç????,59.99,606,1296
C1775,?????,????????????,26.34,360,131
C1775,?????,????????????,30.48,336,131
C1775,??,????????????,31.84,1,131
C1775,??,????????????,31.84,1,131
C1775,??,????????????,31.84,1,131
C1775,??,????????????,31.84,1,131
C1775,??,????????????,31.84,1,131
C1775,??,????????????,31.84,1,131
C1775,??,????????????,31.84,1,131
C1775,??,????????????,31.84,1,131
C1775,??,????????????,31.84,1,131
C1775,??,????????????,31.84,1,131
C1775,??,????????????,31.84,1,131
C1775,??,????????????,31.84,1,131
C1775,??,????????????,31.84,1,131
C1775,??,????????????,31.84,1,131
C1775,??,????????????,137.49,1,131
C1519,?????,????????????,36.2,252,393
C1519,?????,????????????,45.32,168,393
C2221,?????,????????????,49.5,136,376
C2221,?????,????????????,49.5,61,376
C2221,?????,????????????,49.5,55,376
C2221,?????,????????????,49.5,110,376
C2221,?????,????????????,49.57,84,376
C2221,?????,????????????,49.57,35,376
C2221,?????,????????????,49.57,39,376
C2221,?????,????????????,49.57,70,376
C1790,?????,?????,26.37,239,166
C1790,?????,?????,31.32,239,166
C1790,?????,?????,31.32,149,166
C1790,??,?????,15,1,166
C1790,??,?????,19.15,1,166
C1790,??,?????,19.25,1,166
C1790,??,?????,19.25,1,166
C1790,??,?????,22.89,1,166
C1790,??,?????,23.25,1,166
C1790,??,?????,23.88,1,166
C1790,??,?????,23.91,1,166
C1790,??,?????,24.38,1,166
C1790,??,?????,24.38,1,166
C1790,??,?????,27.5,1,166
C1790,??,?????,27.5,1,166
C1790,??,?????,27.75,1,166
C1790,??,?????,27.75,1,166
C1790,??,?????,27.75,1,166
C1790,??,?????,27.75,1,166
C1790,??,?????,27.75,1,166
C1790,??,?????,27.75,1,166
C1790,??,?????,27.75,1,166
C1790,??,?????,27.75,1,166
C1790,??,?????,28.19,1,166
C1790,??,?????,28.88,1,166
C1790,??,?????,28.88,1,166
C1790,??,?????,28.88,1,166
C1790,??,?????,28.88,1,166
C1790,??,?????,28.88,1,166
C1790,??,?????,42.35,1,166
C1790,??,?????,55.17,1,166
C1790,??,?????,82.92,1,166
C1790,??,?????,248.56,1,166
C2109,?????,?????,26.34,288,117
C2109,?????,?????,30.48,192,117
C2109,??,?????,31.84,1,117
C2109,??,?????,31.84,1,117
C2109,??,?????,31.84,1,117
C2109,??,?????,31.84,1,117
C2109,??,?????,31.84,1,117
C2109,??,?????,31.84,1,117
C2109,??,?????,31.84,1,117
C2109,??,?????,31.84,1,117
C2109,??,?????,31.84,1,117
C2109,??,?????,31.84,1,117
C2109,??,?????,31.84,1,117
C2109,??,?????,31.84,1,117
C2109,??,?????,31.84,1,117
C2109,??,?????,31.84,1,117
C2109,??,?????,126.65,1,117
C1698,?????,?????,39,60,155
C1698,?????,?????,39,120,155
C1698,?????,?????,39.39,156,155
C1698,?????,?????,39.39,120,155
C1698,??,?????,32.1,1,155
C1698,??,?????,32.1,1,155
C1698,??,?????,32.1,1,155
C1698,??,?????,32.1,1,155
C1866,?????,?????,36.63,195,235
C1866,?????,?????,39.51,36,235
C1866,?????,?????,46.18,36,235
C1866,?????,?????,46.71,71,235
C1005,?????,???????,51.49,304,950
C1005,?????,???????,51.95,600,950
C1005,?????,???????,59.64,240,950
C1004,?????,???????,39.3,240,153
C1004,?????,???????,39.69,264,153
C1004,??,???????,19,1,153
C1004,??,???????,14.1,1,153
C1004,??,???????,19.31,1,153
C1004,??,???????,21.19,1,153
C1004,??,???????,21.19,1,153
C1004,??,???????,22.95,1,153
C1004,??,???????,23.4,1,153
C1004,??,???????,23.4,1,153
C1004,??,???????,23.4,1,153
C1004,??,???????,23.4,1,153
C1004,??,???????,27.23,1,153
C1004,??,???????,31.85,1,153
C1004,??,???????,32.29,1,153
C1004,??,???????,35.13,1,153
C1004,??,???????,36.47,1,153
C1004,??,???????,50.08,1,153
C1004,??,???????,240.22,1,153
C1875,?????,???????,26.37,596,192
C1875,?????,???????,26.37,239,192
C1875,?????,???????,31.32,149,192
C1875,??,???????,14.1,1,192
C1875,??,???????,18.98,1,192
C1875,??,???????,19.36,1,192
C1875,??,???????,21.46,1,192
C1875,??,???????,21.46,1,192
C1875,??,???????,22.83,1,192
C1875,??,???????,23.4,1,192
C1875,??,???????,23.4,1,192
C1875,??,???????,23.4,1,192
C1875,??,???????,23.4,1,192
C1875,??,???????,23.4,1,192
C1875,??,???????,23.4,1,192
C1875,??,???????,27.55,1,192
C1875,??,???????,29.17,1,192
C1875,??,???????,31.92,1,192
C1875,??,???????,32.6,1,192
C1875,??,???????,36.57,1,192
C1875,??,???????,50.08,1,192
C1875,??,???????,240.22,1,192
C2156,?????,???????,36.55,120,246
C2156,?????,???????,39.57,120,246
C2156,?????,???????,51.93,65,246
C2212,?????,??????,26.37,298,128
C2212,?????,??????,31.32,239,128
C2212,?????,??????,31.32,149,128
C2212,??,??????,31.84,1,128
C2212,??,??????,31.84,1,128
C2212,??,??????,31.84,1,128
C2212,??,??????,31.84,1,128
C2212,??,??????,31.84,1,128
C2212,??,??????,31.84,1,128
C2212,??,??????,63.68,1,128
C2212,??,??????,63.68,1,128
C2212,??,??????,63.68,1,128
C2212,??,??????,63.68,1,128
C2212,??,??????,137.49,1,128
C2401,?????,??????,39.72,65,164
C2401,?????,??????,46.9,104,164
C2401,?????,??????,59.88,44,164
C2571,?????,?????,26.37,468,65
C2571,??,?????,31.84,1,65
C2571,??,?????,31.84,1,65
C2571,??,?????,31.84,1,65
C2571,??,?????,31.84,1,65
C2571,??,?????,31.84,1,65
C2571,??,?????,31.84,1,65
C2571,??,?????,31.84,1,65
C2571,??,?????,31.84,1,65
C2571,??,?????,31.84,1,65
C2571,??,?????,31.84,1,65
C2571,??,?????,31.84,1,65
C2571,??,?????,31.84,1,65
C2571,??,?????,126.65,1,65
C1175,?????,???????,46.9,198,477
C1175,?????,???????,51.93,90,477
C1175,?????,???????,59.88,180,477
C1833,?????,????????????,33.4,128,1505
C1833,?????,????????????,33.4,174,1505
C1833,?????,????????????,39.57,220,1505
C1833,?????,????????????,39.57,280,1505
C1833,?????,????????????,46.9,252,1505
C1833,?????,????????????,46.9,90,1505
C1833,?????,????????????,51.95,220,1505
C2445,?????,??????,36.62,414,671
C2445,?????,??????,36.62,108,671
C2445,?????,??????,46.9,45,671
C2445,?????,??????,46.9,90,671
C2445,?????,??????,51.93,104,671
C2445,?????,??????,51.93,39,671
C1885,?????,??????,36.7,174,802
C1885,?????,??????,36.7,84,802
C1885,?????,??????,36.73,120,802
C1885,?????,??????,36.73,40,802
C1885,?????,??????,36.74,80,802
C1885,?????,??????,46.74,62,802
C1885,?????,??????,46.83,54,802
C1885,?????,??????,46.83,216,802
C2368,?????,??????,36.57,22,738
C2368,?????,??????,36.7,94,738
C2368,?????,??????,36.7,34,738
C2368,?????,??????,36.7,12,738
C2368,?????,??????,36.73,150,738
C2368,?????,??????,36.73,51,738
C2368,?????,??????,36.74,102,738
C2368,?????,??????,51.73,310,738
C2016,?????,??????,36.55,86,198
C2016,?????,??????,36.55,42,198
C2016,?????,??????,46.9,90,198
C2016,?????,??????,46.9,43,198
C2371,?????,?????,36.52,42,374
C2371,?????,?????,36.52,134,374
C2371,?????,?????,36.8,88,374
C2371,?????,?????,46.9,22,374
C2371,?????,?????,46.9,96,374
C2371,?????,?????,46.94,46,374
C2371,?????,?????,51.72,24,374
C2371,?????,?????,51.93,22,374
C2536,?????,??????,35.1,40,54
C2536,?????,??????,35.1,8,54
C2536,?????,??????,43.23,24,54
C2538,?????,???,26.47,188,1299
C2538,?????,???,33.96,202,1299
C2538,?????,???,33.96,82,1299
C2538,?????,???,33.96,40,1299
C2538,?????,???,33.96,12,1299
C2538,?????,???,36.96,259,1299
C2538,?????,???,36.96,87,1299
C2538,?????,???,36.99,24,1299
C2538,?????,???,46.4,60,1299
C2538,?????,???,46.4,15,1299
C2538,?????,???,46.96,176,1299
C2538,?????,???,46.96,45,1299
C2538,?????,???,51.91,12,1299
C2538,?????,???,51.91,117,1299
C2538,?????,???,51.91,30,1299
C2538,?????,???,51.92,72,1299
C2538,?????,???,51.92,14,1299
C2538,?????,???,51.92,24,1299
C2538,?????,???,51.92,14,1299
C1014,?????,??????,33.35,516,823
C1014,?????,??????,46.8,120,823
C1014,?????,??????,46.9,119,823
C1014,?????,??????,46.9,41,823
C1014,?????,??????,51.72,116,823
C1014,?????,??????,59.23,71,823
C1014,?????,??????,59.73,13,823
C1592,?????,??????,33.4,288,763
C1592,?????,??????,36.55,120,763
C1592,?????,??????,36.55,60,763
C1592,?????,??????,36.55,60,763
C1592,?????,??????,46.9,28,763
C1592,?????,??????,46.9,178,763
C1592,?????,??????,51.93,136,763
C1867,?????,?????,36.52,216,579
C1867,?????,?????,36.52,72,579
C1867,?????,?????,36.52,124,579
C1867,?????,?????,36.52,42,579
C1867,?????,?????,46.54,84,579
C1867,?????,?????,51.93,140,579
C2326,?????,??????,36.92,139,478
C2326,?????,??????,36.92,43,478
C2326,?????,??????,39.89,203,478
C2326,?????,??????,39.89,73,478
C2326,?????,??????,46.89,174,478
C1015,?????,?•ÎÅç????,36.66,340,928
C1015,?????,?•ÎÅç????,36.66,56,928
C1015,?????,?•ÎÅç????,36.94,79,928
C1015,?????,?•ÎÅç????,46.03,40,928
C1015,?????,?•ÎÅç????,46.46,245,928
C1015,?????,?•ÎÅç????,46.46,95,928
C1015,?????,?•ÎÅç????,59.48,88,928
C1015,?????,?•ÎÅç????,59.69,18,928
C1620,?????,?????????,36.37,684,1181
C1620,?????,?????????,36.37,25,1181
C1620,?????,?????????,46.72,262,1181
C1620,?????,?????????,46.72,87,1181
C1620,?????,?????????,46.74,174,1181
C1049,?????,?????????,36.37,369,658
C1049,?????,?????????,36.37,20,658
C1049,?????,?????????,51.44,152,658
C1049,?????,?????????,51.72,45,658
C1049,?????,?????????,51.79,90,658
C2000,?????,?????,36.65,240,1082
C2000,?????,?????,36.65,30,1082
C2000,?????,?????,39.48,180,1082
C2000,?????,?????,46.9,135,1082
C2000,?????,?????,46.9,496,1082
C2000,?????,?????,46.9,69,1082
C2000,?????,?????,59.88,150,1082
C2097,?????,?????,33.8,184,1240
C2097,?????,?????,39.9,121,1240
C2097,?????,?????,39.99,122,1240
C2097,?????,?????,39.99,124,1240
C2097,?????,?????,46.7,115,1240
C2097,?????,?????,46.75,244,1240
C2097,?????,?????,59.61,88,1240
C1668,?????,??????,36.16,75,421
C1668,?????,??????,36.16,15,421
C1668,?????,??????,36.16,116,421
C1668,?????,??????,36.38,15,421
C1668,?????,??????,46.61,100,421
C1668,?????,??????,46.61,52,421
C1668,?????,??????,51.75,120,421
C1689,?????,???,26.95,186,985
C1689,?????,???,36.78,168,985
C1689,?????,???,36.87,276,985
C1689,?????,???,46.48,122,985
C1689,?????,???,46.75,16,985
C1689,?????,???,46.75,98,985
C1689,?????,???,46.75,30,985
C1689,?????,???,46.95,73,985
C1689,?????,???,51.94,100,985
C1689,?????,???,51.94,48,985
C1234,?????,??????,51.86,215,219
C1234,?????,??????,59.57,92,219
C2514,?????,?????,46.69,44,405
C2514,?????,?????,46.9,156,405
C2514,?????,?????,46.9,24,405
C2514,?????,?????,51.92,44,405
C2514,?????,?????,51.93,198,405
C2514,?????,?????,51.93,35,405
C1368,?????,?????,39.82,176,900
C1368,?????,?????,46.9,180,900
C1368,?????,?????,51.93,450,900
C1368,?????,?????,51.93,90,900
C1057,?????,?????,39.82,134,521
C1057,?????,?????,46.9,135,521
C1057,?????,?????,51.93,207,521
C1057,?????,?????,51.93,45,521
C2336,?????,?????,39.49,82,399
C2336,?????,?????,39.62,30,399
C2336,?????,?????,39.63,60,399
C2336,?????,?????,46.59,58,399
C2336,?????,?????,46.7,56,399
C2336,?????,?????,46.9,116,399
C2336,?????,?????,59.89,56,399
C1026,?????,?????,51.66,180,205
C1026,?????,?????,59.99,110,205
C2256,?????,?????,29.91,88,316
C2256,?????,?????,36.62,131,316
C2256,?????,?????,46.9,132,316
C2256,?????,?????,51.93,40,316
C2256,?????,?????,51.93,18,316
C1900,?????,??????,36.63,90,472
C1900,?????,??????,36.63,60,472
C1900,?????,??????,39.51,86,472
C1900,?????,??????,46.73,86,472
C1900,?????,??????,46.9,72,472
C1900,?????,??????,46.9,48,472
C1900,?????,??????,51.93,120,472
C1900,?????,??????,51.93,24,472
C2666,?????,?•ÎÅç????,39.74,178,837
C2666,?????,?•ÎÅç????,39.96,254,837
C2666,?????,?•ÎÅç????,39.96,26,837
C2666,?????,?•ÎÅç????,46.56,165,837
C2666,?????,?•ÎÅç????,46.56,289,837
C2666,?????,?•ÎÅç????,46.77,172,837
C2361,?????,???,39.72,172,1026
C2361,?????,???,39.72,76,1026
C2361,?????,???,39.77,174,1026
C2361,?????,???,46.9,189,1026
C2361,?????,???,46.9,25,1026
C2361,?????,???,46.9,90,1026
C2361,?????,???,46.9,45,1026
C2361,?????,???,46.96,33,1026
C2361,?????,???,51.93,124,1026
C2361,?????,???,51.93,78,1026
C2361,?????,???,59.61,168,1026
C1642,?????,??????,39.72,105,222
C1642,?????,??????,39.72,15,222
C1642,?????,??????,46.79,12,222
C1642,?????,??????,46.9,45,222
C1642,?????,??????,46.9,27,222
C1642,?????,??????,46.9,26,222
C1642,?????,??????,46.9,40,222
C1013,?????,?????????,39.65,291,1119
C1013,?????,?????????,46.22,510,1119
C1013,?????,?????????,46.22,70,1119
C1013,?????,?????????,46.76,177,1119
C1013,?????,?????????,51.86,260,1119
C2232,?????,?????????,39.72,58,354
C2232,?????,?????????,39.85,56,354
C2232,?????,?????????,46.9,96,354
C2232,?????,?????????,59.88,145,354
C1973,?????,?????????,39.72,42,384
C1973,?????,?????????,39.85,42,384
C1973,?????,?????????,59.88,300,384
C2458,?????,?????????,46.59,61,853
C2458,?????,?????????,46.9,432,853
C2458,?????,?????????,46.9,2,853
C2458,?????,?????????,46.9,56,853
C2458,?????,?????????,51.89,22,853
C2458,?????,?????????,51.93,195,853
C2458,?????,?????????,51.93,85,853
C2574,?????,?????????,39.48,180,895
C2574,?????,?????????,39.72,176,895
C2574,?????,?????????,39.72,88,895
C2574,?????,?????????,46.9,165,895
C2574,?????,?????????,46.9,15,895
C2574,?????,?????????,46.9,78,895
C2574,?????,?????????,46.9,132,895
C2574,?????,?????????,51.93,135,895
C2574,?????,?????????,51.93,27,895
C2133,?????,?????????,39.72,115,330
C2133,?????,?????????,39.72,13,330
C2133,?????,?????????,46.9,48,330
C2133,?????,?????????,46.9,95,330
C2133,?????,?????????,51.93,70,330
C2133,?????,?????????,51.93,14,330
C2096,?????,?????????,36.19,52,347
C2096,?????,?????????,36.23,50,347
C2096,?????,?????????,36.3,26,347
C2096,?????,?????????,36.63,90,347
C2096,?????,?????????,36.63,30,347
C2096,?????,?????????,46.22,159,347
C2096,?????,?????????,46.22,85,347
C2010,?????,?????????,39.84,398,608
C2010,?????,?????????,39.84,87,608
C2010,?????,?????????,39.84,13,608
C2010,?????,?????????,49.51,324,608
C2010,?????,?????????,49.51,39,608
C1879,?????,?????????,46.9,208,573
C1879,?????,?????????,46.9,15,573
C1879,?????,?????????,46.9,132,573
C1879,?????,?????????,51.93,313,573
C1879,?????,?????????,51.93,43,573
C1131,?????,?????????,51.49,234,668
C1131,?????,?????????,51.95,480,668
C1131,?????,?????????,59.64,151,668
C1131,?????,?????????,59.64,36,668
C1468,?????,?????????,39.77,419,574
C1468,?????,?????????,39.77,64,574
C1468,?????,?????????,39.77,20,574
C1468,?????,?????????,49.51,258,574
C1468,?????,?????????,49.51,54,574
C1213,?????,??????,36.45,27,224
C1213,?????,??????,36.57,27,224
C1213,?????,??????,36.72,123,224
C1213,?????,??????,46.21,84,224
C1213,?????,??????,46.21,27,224
C1213,?????,??????,46.7,24,224
C1173,?????,???????,39.72,70,483
C1173,?????,???????,39.72,28,483
C1173,?????,???????,41.55,98,483
C1173,?????,???????,46.9,90,483
C1173,?????,???????,46.9,135,483
C1173,?????,???????,46.9,52,483
C1173,?????,???????,46.9,26,483
C1173,?????,???????,51.93,60,483
C1173,?????,???????,51.93,12,483
C2492,?????,?????,36.66,90,480
C2492,?????,?????,36.66,30,480
C2492,?????,?????,51.93,236,480
C2492,?????,?????,51.93,58,480
C2492,?????,?????,59.88,180,480
C2032,?????,?????,51.78,135,958
C2032,?????,?????,51.78,22,958
C2032,?????,?????,59.85,102,958
C2032,?????,?????,59.85,178,958
C2032,?????,?????,59.89,82,958
C2032,?????,?????,59.92,157,958
C2032,?????,?????,59.92,224,958
C2032,?????,?????,59.95,44,958
C2094,?????,?????,36.22,90,402
C2094,?????,?????,36.22,36,402
C2094,?????,?????,39.15,64,402
C2094,?????,?????,39.15,33,402
C2094,?????,?????,46.47,97,402
C2094,?????,?????,46.48,60,402
C2094,?????,?????,46.48,30,402
C1880,?????,?????,51.86,422,508
C1880,?????,?????,51.92,31,508
C1880,?????,?????,51.96,66,508
C1880,?????,?????,59.99,116,508
C2089,?????,?????,39.72,255,873
C2089,?????,?????,39.72,90,873
C2089,?????,?????,39.73,128,873
C2089,?????,?????,46.9,129,873
C2089,?????,?????,51.93,120,873
C2089,?????,?????,51.93,240,873
C1744,?????,???,51.77,264,827
C1744,?????,???,51.77,172,827
C1744,?????,???,51.93,86,827
C1744,?????,???,51.93,16,827
C1744,?????,???,59.88,284,827
C2046,?????,???,46.9,221,1137
C2046,?????,???,46.9,75,1137
C2046,?????,???,46.9,150,1137
C2046,?????,???,51.93,377,1137
C2046,?????,???,51.93,66,1137
C2046,?????,???,59.88,240,1137
C2071,?????,???,39.72,133,1488
C2071,?????,???,39.72,133,1488
C2071,?????,???,46.9,225,1488
C2071,?????,???,46.9,223,1488
C2071,?????,???,46.9,120,1488
C2071,?????,???,46.9,75,1488
C2071,?????,???,46.9,150,1488
C2071,?????,???,51.93,360,1488
C2071,?????,???,51.93,60,1488
C2635,?????,???,51.86,141,259
C2635,?????,???,51.86,9,259
C2635,?????,???,59.83,30,259
C2635,?????,???,59.88,141,259
C2635,?????,???,59.88,9,259
C2390,?????,???,51.86,81,299
C2390,?????,???,51.86,9,299
C2390,?????,???,59.88,287,299
C2390,?????,???,59.88,9,299
C2561,?????,???,39.48,120,399
C2561,?????,???,46.81,40,399
C2561,?????,???,46.81,80,399
C2561,?????,???,59.57,216,399
C1663,?????,??????????,51.86,178,567
C1663,?????,??????????,51.91,84,567
C1663,?????,??????????,51.96,167,567
C1663,?????,??????????,59.99,213,567
C2490,?????,?ìû??????,51.86,194,217
C2490,?????,?ìû??????,59.57,108,217
C2066,?????,?ìû??????,36.62,217,660
C2066,?????,?ìû??????,36.62,69,660
C2066,?????,?ìû??????,36.62,51,660
C2066,?????,?ìû??????,39.68,140,660
C2066,?????,?ìû??????,39.68,28,660
C2066,?????,?ìû??????,46.9,63,660
C2066,?????,?ìû??????,46.9,50,660
C2066,?????,?ìû??????,46.9,26,660
C2066,?????,?ìû??????,46.9,63,660
C2066,?????,?ìû??????,46.9,50,660
C1585,?????,?ìû??????,36.63,268,502
C1585,?????,?ìû??????,36.63,26,502
C1585,?????,?ìû??????,46.19,372,502
C1585,?????,?ìû??????,46.19,39,502
C2276,?????,??????????,51.67,36,894
C2276,?????,??????????,51.86,566,894
C2276,?????,??????????,59.99,470,894
C1155,?????,??????????,51.63,160,454
C1155,?????,??????????,51.63,139,454
C1155,?????,??????????,59.65,76,454
C1693,?????,??????????,46.93,125,862
C1693,?????,??????????,51.6,145,862
C1693,?????,??????????,51.75,140,862
C1693,?????,??????????,59.96,443,862
C1889,?????,???,39.48,177,788
C1889,?????,???,46.81,180,788
C1889,?????,???,51.86,260,788
C1889,?????,???,59.57,401,788
C2518,?????,??????,51.86,233,240
C2518,?????,??????,59.88,108,240
C1962,?????,??????,51.81,30,296
C1962,?????,??????,51.86,176,296
C1962,?????,??????,59.29,15,296
C1962,?????,??????,59.57,195,296
C1666,?????,??????,39.72,96,638
C1666,?????,??????,39.72,48,638
C1666,?????,??????,39.98,135,638
C1666,?????,??????,46.79,24,638
C1666,?????,??????,46.9,72,638
C1666,?????,??????,46.9,48,638
C1666,?????,??????,46.9,135,638
C1666,?????,??????,51.93,90,638
C1666,?????,??????,51.93,60,638
C1988,?????,??????,36.63,200,722
C1988,?????,??????,36.63,43,722
C1988,?????,??????,46.22,204,722
C1988,?????,??????,46.22,28,722
C1537,?????,???????,51.85,58,546
C1537,?????,???????,51.86,354,546
C1537,?????,???????,51.95,26,546
C1537,?????,???????,59.99,224,546
C1329,?????,?•ÎÅç????,39.72,122,775
C1329,?????,?•ÎÅç????,39.72,26,775
C1329,?????,?•ÎÅç????,39.77,238,775
C1329,?????,?•ÎÅç????,46.9,276,775
C1329,?????,?•ÎÅç????,46.9,52,775
C1329,?????,?•ÎÅç????,46.9,180,775
C1329,?????,?•ÎÅç????,51.93,84,775
C1329,?????,?•ÎÅç????,51.93,24,775
C1762,?????,??????,51.93,86,325
C1762,?????,??????,51.93,148,325
C1762,?????,??????,59.88,228,325
C2008,?????,???,36.79,45,663
C2008,?????,???,36.79,12,663
C2008,?????,???,36.98,170,663
C2008,?????,???,36.98,39,663
C2008,?????,???,46.71,123,663
C2008,?????,???,46.71,61,663
C2008,?????,???,46.71,64,663
C2008,?????,???,51.64,102,663
C2008,?????,???,51.98,98,663
C2008,?????,???,59.63,67,663
C1319,?????,?????,29.96,82,428
C1319,?????,?????,36.8,156,428
C1319,?????,?????,36.8,48,428
C1319,?????,?????,46.06,82,428
C1319,?????,?????,50.83,88,428
C1319,?????,?????,50.83,40,428
C1141,?????,?????,36.72,60,637
C1141,?????,?????,39.49,129,637
C1141,?????,?????,46.45,129,637
C1141,?????,?????,46.96,30,637
C1141,?????,?????,51.86,162,637
C1141,?????,?????,59.99,120,637
C2340,?????,?????????,39.82,512,362
C1929,?????,???????,39.57,180,426
C1929,?????,???????,46.73,22,426
C1929,?????,???????,46.9,100,426
C1929,?????,???????,46.9,26,426
C1929,?????,???????,51.88,90,426
C1929,?????,???????,59.89,74,426
C1681,?????,???,36.97,209,465
C1681,?????,???,36.97,16,465
C1681,?????,???,46.74,30,465
C1681,?????,???,46.97,116,465
C1681,?????,???,46.97,74,465
C1681,?????,???,51.85,15,465
C1681,?????,???,51.96,44,465
C1681,?????,???,51.96,30,465
C1184,?????,???,36.98,196,403
C1184,?????,???,36.98,6,403
C1184,?????,???,46.86,44,403
C1184,?????,???,46.97,52,403
C1184,?????,???,46.97,112,403
C1184,?????,???,51.99,42,403
C1184,?????,???,51.99,6,403
C2383,?????,???,36.97,224,661
C2383,?????,???,36.97,54,661
C2383,?????,???,46.94,90,661
C2383,?????,???,46.97,100,661
C2383,?????,???,46.97,100,661
C2383,?????,???,51.87,15,661
C2383,?????,???,51.96,88,661
C2383,?????,???,51.96,13,661
C2383,?????,???,59.89,78,661
C1579,?????,???,36.98,114,882
C1579,?????,???,36.98,15,882
C1579,?????,???,36.98,220,882
C1579,?????,???,46.95,172,882
C1579,?????,???,46.95,116,882
C1579,?????,???,46.95,56,882
C1579,?????,???,51.99,130,882
C1579,?????,???,51.99,100,882
C1579,?????,???,59.93,82,882
C2173,?????,???,39.99,174,665
C2173,?????,???,39.99,72,665
C2173,?????,???,46.85,51,665
C2173,?????,???,46.98,87,665
C2173,?????,???,46.98,111,665
C2173,?????,???,46.98,87,665
C2173,?????,???,51.9,102,665
C2173,?????,???,51.96,91,665
C1911,?????,?•ÎÅç????,51.77,250,985
C1911,?????,?•ÎÅç????,51.77,25,985
C1911,?????,?•ÎÅç????,51.77,147,985
C1911,?????,?•ÎÅç????,51.93,24,985
C1911,?????,?•ÎÅç????,51.93,144,985
C1911,?????,?•ÎÅç????,59.47,300,985
C1638,?????,??????,46.9,43,358
C1638,?????,??????,46.9,28,358
C1638,?????,??????,51.93,54,358
C1638,?????,??????,51.93,112,358
C1638,?????,??????,59.88,257,358
C2412,?????,??????,36.55,255,492
C2412,?????,??????,36.55,69,492
C2412,?????,??????,46.9,160,492
C2412,?????,??????,46.9,15,492
C2412,?????,??????,51.93,72,492
C1871,?????,??????,36.63,161,385
C1871,?????,??????,36.63,51,385
C1871,?????,??????,36.63,5,385
C1871,?????,??????,46.22,292,385
C1871,?????,??????,46.22,31,385
C1871,?????,??????,46.22,10,385
C1309,?????,??????,39.59,87,385
C1309,?????,??????,46.59,30,385
C1309,?????,??????,46.9,87,385
C1309,?????,??????,46.9,60,385
C1309,?????,??????,46.9,29,385
C1309,?????,??????,51.93,60,385
C1309,?????,??????,51.93,30,385
C1527,?????,?????,46.61,232,834
C1527,?????,?????,46.61,112,834
C1527,?????,?????,51.86,442,834
C1527,?????,?????,59.29,90,834
C1527,?????,?????,59.57,120,834
C2208,?????,???,36.91,212,755
C2208,?????,???,36.91,95,755
C2208,?????,???,46.57,253,755
C2208,?????,???,46.57,52,755
C2208,?????,???,46.85,72,755
C2208,?????,???,46.97,60,755
C2208,?????,???,51.91,84,755
C2208,?????,???,51.91,54,755
C1940,?????,???,36.91,114,527
C1940,?????,???,46.57,114,527
C1940,?????,???,46.57,116,527
C1940,?????,???,46.57,61,527
C1940,?????,???,46.59,82,527
C1940,?????,???,59.88,128,527
C2596,?????,???,36.91,112,405
C2596,?????,???,46.57,112,405
C2596,?????,???,46.57,59,405
C2596,?????,???,46.57,35,405
C2596,?????,???,46.59,81,405
C2596,?????,???,51.91,45,405
C2596,?????,???,51.91,26,405
C2227,?????,???,36.91,159,413
C2227,?????,???,36.91,28,413
C2227,?????,???,46.57,86,413
C2227,?????,???,46.85,60,413
C2227,?????,???,46.97,30,413
C2227,?????,???,51.91,88,413
C2227,?????,???,51.91,26,413
C2563,?????,???,36.63,208,425
C2563,?????,???,36.63,82,425
C2563,?????,???,46.22,104,425
C2563,?????,???,46.22,102,425
C2358,?????,?????,36.61,401,941
C2358,?????,?????,36.61,141,941
C2358,?????,?????,36.61,12,941
C2358,?????,?????,46.29,603,941
C2358,?????,?????,46.29,91,941
C2358,?????,?????,46.29,12,941
C1492,?????,???,39.51,68,334
C1492,?????,???,39.84,161,334
C1492,?????,???,39.84,46,334
C1492,?????,???,46.71,32,334
C1492,?????,???,46.71,16,334
C1492,?????,???,46.71,44,334
C1492,?????,???,46.71,23,334
C1601,?????,???,46.9,72,335
C1601,?????,???,46.9,42,335
C1601,?????,???,46.9,6,335
C1601,?????,???,46.9,3,335
C1601,?????,???,51.93,126,335
C1601,?????,???,51.93,81,335
C1687,?????,???,39.72,116,779
C1687,?????,???,39.72,58,779
C1687,?????,???,39.72,174,779
C1687,?????,???,46.9,162,779
C1687,?????,???,46.9,28,779
C1687,?????,???,46.9,13,779
C1687,?????,???,46.9,2,779
C1687,?????,???,49.7,176,779
C1687,?????,???,49.7,28,779
C1687,?????,???,49.7,14,779
C1687,?????,???,49.7,2,779
C1236,?????,???,39.72,86,1129
C1236,?????,???,39.72,41,1129
C1236,?????,???,39.72,127,1129
C1236,?????,???,46.75,10,1129
C1236,?????,???,46.9,218,1129
C1236,?????,???,46.9,41,1129
C1236,?????,???,46.9,18,1129
C1236,?????,???,46.9,3,1129
C1236,?????,???,49.7,279,1129
C1236,?????,???,49.7,37,1129
C1236,?????,???,49.7,231,1129
C1236,?????,???,49.7,33,1129
C1487,?????,???,51.86,220,448
C1487,?????,???,59.58,330,448
C1379,?????,???,36.65,204,270
C1379,?????,???,46.9,54,270
C1379,?????,???,46.9,20,270
C1379,?????,???,46.9,46,270
C1386,?????,??????,39.51,159,1100
C1386,?????,??????,39.51,43,1100
C1386,?????,??????,39.84,406,1100
C1386,?????,??????,39.84,55,1100
C1386,?????,??????,39.84,29,1100
C1386,?????,??????,39.84,134,1100
C1386,?????,??????,39.84,15,1100
C1386,?????,??????,46.18,159,1100
C1386,?????,??????,46.18,43,1100
C1386,?????,??????,46.71,196,1100
C1386,?????,??????,46.71,30,1100
C1386,?????,??????,46.71,198,1100
C1386,?????,??????,46.71,30,1100
C1656,?????,??????,36.55,13,480
C1656,?????,??????,36.55,13,480
C1656,?????,??????,36.55,78,480
C1656,?????,??????,46.53,27,480
C1656,?????,??????,46.9,172,480
C1656,?????,??????,46.9,27,480
C1656,?????,??????,46.9,25,480
C1656,?????,??????,51.93,176,480
C2526,?????,?????,36.66,72,291
C2526,?????,?????,36.66,20,291
C2526,?????,?????,51.77,117,291
C2526,?????,?????,51.77,78,291
C2526,?????,?????,59.88,68,291
C1022,?????,???,46.9,89,352
C1022,?????,???,46.9,62,352
C1022,?????,???,46.9,155,352
C1022,?????,???,46.9,83,352
C1896,?????,???,39.59,129,658
C1896,?????,???,39.72,123,658
C1896,?????,???,46.9,179,658
C1896,?????,???,46.9,108,658
C1896,?????,???,46.9,31,658
C1896,?????,???,59.88,142,658
C1269,?????,???,39.48,153,572
C1269,?????,???,46.96,52,572
C1269,?????,???,46.96,104,572
C1269,?????,???,51.86,252,572
C1916,?????,???,39.48,279,822
C1916,?????,???,46.96,94,822
C1916,?????,???,46.96,180,822
C1916,?????,???,51.86,263,822
C2070,?????,???,39.48,242,909
C2070,?????,???,46.96,82,909
C2070,?????,???,46.96,152,909
C2070,?????,???,51.86,302,909
C2070,?????,???,59.57,120,909
C1967,?????,???,36.91,238,530
C1967,?????,???,46.83,88,530
C1967,?????,???,46.83,130,530
C1967,?????,???,46.83,125,530
C2021,?????,???,36.92,225,771
C2021,?????,???,46.82,32,771
C2021,?????,???,46.82,42,771
C2021,?????,???,46.82,16,771
C2021,?????,???,46.82,14,771
C2021,?????,???,46.82,76,771
C2021,?????,???,46.82,6,771
C2021,?????,???,46.82,14,771
C2021,?????,???,46.83,147,771
C2021,?????,???,51.9,192,771
C2021,?????,???,59.88,29,771
C2021,?????,???,59.99,58,771
C1143,?????,???,36.57,347,717
C1143,?????,???,36.78,108,717
C1143,?????,???,45.53,238,717
C2188,?????,???,39.42,136,136
C2651,?????,???,39.51,113,277
C2651,?????,???,46.18,112,277
C1036,?????,???,36.65,135,1016
C1036,?????,???,46.9,45,1016
C1036,?????,???,46.9,171,1016
C1036,?????,???,46.9,81,1016
C1036,?????,???,46.9,90,1016
C1036,?????,???,51.93,184,1016
C1036,?????,???,51.93,36,1016
C2657,?????,???,36.65,238,692
C2657,?????,???,46.9,74,692
C2657,?????,???,46.9,148,692
C2657,?????,???,46.9,102,692
C2657,?????,???,46.9,140,692
C2657,?????,???,51.93,134,692
C2657,?????,???,51.93,30,692
C2527,?????,???,36.65,133,317
C2527,?????,???,46.9,45,317
C2527,?????,???,46.9,85,317
C2527,?????,???,51.93,100,317
C2527,?????,???,51.93,20,317
C1502,?????,??Åç????,46.9,241,552
C1502,?????,??Åç????,46.9,166,552
C2262,?????,??Åç????,39.45,128,581
C2262,?????,??Åç????,39.63,105,581
C2262,?????,??Åç????,39.63,15,581
C2262,?????,??Åç????,46.7,85,581
C2262,?????,??Åç????,46.9,87,581
C2262,?????,??Åç????,46.9,15,581
C2262,?????,??Åç????,51.93,225,581
C2262,?????,??Åç????,51.93,60,581
C1084,?????,?????,39.63,84,280
C1084,?????,?????,39.63,12,280
C1084,?????,?????,46.9,91,280
C1084,?????,?????,46.9,45,280
C1084,?????,?????,59.89,16,280
C1084,?????,?????,59.89,32,280
C2530,?????,??????,39.93,40,296
C2530,?????,??????,39.93,13,296
C2530,?????,??????,46.96,30,296
C2530,?????,??????,46.96,15,296
C2530,?????,??????,59.78,156,296
C2530,?????,??????,59.84,53,296
C1046,?????,??????,36.62,129,195
C1046,?????,??????,36.62,45,195
C1046,?????,??????,51.93,58,195
C1761,?????,??????,36.62,150,715
C1761,?????,??????,46.9,73,715
C1761,?????,??????,46.9,148,715
C1761,?????,??????,47.4,15,715
C1761,?????,??????,51.93,76,715
C1761,?????,??????,51.93,140,715
C1102,?????,??????,36.65,120,525
C1102,?????,??????,36.65,60,525
C1102,?????,??????,46.91,170,525
C1102,?????,??????,46.91,82,525
C1102,?????,??????,51.93,75,525
C1102,?????,??????,51.93,15,525
C2420,?????,?ìû??????,39.63,103,537
C2420,?????,?ìû??????,39.63,16,537
C2420,?????,?ìû??????,46.9,52,537
C2420,?????,?ìû??????,46.9,26,537
C2420,?????,?ìû??????,51.93,78,537
C2420,?????,?ìû??????,51.93,52,537
C2420,?????,?ìû??????,59.89,130,537
C1122,?????,?ìû??????,39.48,129,728
C1122,?????,?ìû??????,39.72,54,728
C1122,?????,?ìû??????,39.72,36,728
C1122,?????,?ìû??????,46.89,44,728
C1122,?????,?ìû??????,46.9,298,728
C1122,?????,?ìû??????,46.9,118,728
C1122,?????,?ìû??????,46.9,129,728
C2042,?????,?ìû??????,39.48,129,641
C2042,?????,?ìû??????,46.89,44,641
C2042,?????,?ìû??????,46.9,280,641
C2042,?????,?ìû??????,46.9,130,641
C2042,?????,?ìû??????,46.9,129,641
C1375,?????,?????,46.9,141,761
C1375,?????,?????,46.9,95,761
C1375,?????,?????,46.91,63,761
C1375,?????,?????,46.91,31,761
C1375,?????,?????,51.93,29,761
C1375,?????,?????,51.93,19,761
C1375,?????,?????,59.88,379,761
C1410,?????,??????,36.65,156,550
C1410,?????,??????,36.65,52,550
C1410,?????,??????,59.88,148,550
C1641,?????,?????,36.62,90,227
C1641,?????,?????,46.9,86,227
C1641,?????,?????,51.93,87,227
C1641,?????,?????,51.93,20,227
C1706,?????,???,36.72,86,403
C1706,?????,???,36.72,74,403
C1706,?????,???,51.92,204,403
C1706,?????,???,51.92,89,403
C1706,?????,???,53.26,14,403
C1307,?????,???,36.91,60,436
C1307,?????,???,36.93,95,436
C1307,?????,???,46.96,106,436
C1307,?????,???,46.96,9,436
C1307,?????,???,46.96,49,436
C1307,?????,???,51.97,118,436
C1307,?????,???,51.97,10,436
C1307,?????,???,59.94,59,436
C2601,?????,???,51.86,24,214
C2601,?????,???,51.9,24,214
C2601,?????,???,51.97,56,214
C2601,?????,???,51.97,83,214
C2601,?????,???,59.94,56,214
C1085,?????,???,36.63,225,422
C1085,?????,???,36.63,45,422
C1085,?????,???,46.22,180,422
C1085,?????,???,46.22,75,422
C2385,?????,???,46.9,172,404
C2385,?????,???,46.9,68,404
C2385,?????,???,51.93,164,404
C2385,?????,???,51.93,41,404
C1059,?????,??????,39.51,126,362
C1059,?????,??????,39.84,91,362
C1059,?????,??????,39.84,39,362
C1059,?????,??????,46.18,126,362
C1059,?????,??????,46.73,88,362
C1059,?????,??????,46.73,44,362
C2162,?????,??????,51.93,116,281
C2162,?????,??????,51.93,58,281
C2162,?????,??????,59.88,200,281
C1819,?????,??????,51.93,100,253
C1819,?????,??????,51.93,50,253
C1819,?????,??????,59.88,180,253
C2325,?????,??????,36.64,118,265
C2325,?????,??????,46.89,80,265
C2325,?????,??????,46.89,96,265
C2325,?????,??????,51.91,57,265
C2325,?????,??????,51.91,27,265
C2394,?????,???????,39.59,56,222
C2394,?????,???????,39.63,15,222
C2394,?????,???????,39.63,15,222
C2394,?????,???????,46.9,45,222
C2394,?????,???????,46.9,15,222
C2394,?????,???????,46.9,42,222
C2394,?????,???????,51.93,14,222
C2394,?????,???????,51.93,75,222
C1133,?????,??????,33.7,150,777
C1133,?????,??????,36.47,130,777
C1133,?????,??????,36.57,76,777
C1133,?????,??????,46.75,75,777
C1133,?????,??????,46.98,315,777
C1133,?????,??????,51.88,110,777
C1281,?????,??????,33.7,116,583
C1281,?????,??????,36.47,97,583
C1281,?????,??????,36.57,220,583
C1281,?????,??????,46.75,58,583
C1281,?????,??????,46.98,155,583
C1194,?????,????????????,51.61,29,413
C1194,?????,????????????,51.86,148,413
C1194,?????,????????????,51.87,15,413
C1194,?????,????????????,51.99,86,413
C1194,?????,????????????,59.57,233,413
C2308,?????,??????,51.92,39,200
C2308,?????,??????,51.99,78,200
C2308,?????,??????,59.57,168,200
C2036,?????,??????,46.9,29,199
C2036,?????,??????,46.9,87,199
C2036,?????,??????,46.9,58,199
C2036,?????,??????,59.88,82,199
C1394,?????,??????,36.63,177,329
C1394,?????,??????,36.63,68,329
C1394,?????,??????,46.22,154,329
C1394,?????,??????,46.22,67,329
C1180,?????,??????,51.93,50,241
C1180,?????,??????,51.93,104,241
C1180,?????,??????,59.88,160,241
C2503,?????,????????????,39.51,175,306
C2503,?????,????????????,39.84,34,306
C2503,?????,????????????,39.84,19,306
C2503,?????,????????????,46.11,136,306
C2503,?????,????????????,46.11,7,306
C2503,?????,????????????,46.11,11,306
C1907,?????,????????????,39.39,28,163
C1907,?????,????????????,39.5,25,163
C1907,?????,????????????,39.63,56,163
C1907,?????,????????????,49.37,28,163
C1907,?????,????????????,49.63,26,163
C1907,?????,????????????,49.7,49,163
C2181,?????,??????,36.62,453,733
C2181,?????,??????,36.62,89,733
C2181,?????,??????,46.9,45,733
C2181,?????,??????,46.9,90,733
C2181,?????,??????,51.93,117,733
C2181,?????,??????,51.93,78,733
C1768,?????,??????,51.88,246,370
C1768,?????,??????,59.57,262,370
C1783,?????,?ìû??????,39.48,180,596
C1783,?????,?ìû??????,46.9,45,596
C1783,?????,?ìû??????,46.9,30,596
C1783,?????,?ìû??????,46.9,135,596
C1783,?????,?ìû??????,59.88,204,596
C2192,?????,??????,33.95,180,442
C2192,?????,??????,39.8,130,442
C2192,?????,??????,39.8,42,442
C2192,?????,??????,46.99,90,442
C2192,?????,??????,46.99,72,442
C2346,?????,??????,46.9,164,449
C2346,?????,??????,46.9,30,449
C2346,?????,??????,51.93,88,449
C2346,?????,??????,51.93,132,449
C2346,?????,??????,59.88,144,449
C2680,?????,?????,36.63,486,564
C2680,?????,?????,46.71,149,564
C2680,?????,?????,46.71,123,564
C2631,?????,?????,39.49,127,612
C2631,?????,?????,39.88,135,612
C2631,?????,?????,39.88,60,612
C2631,?????,?????,46.45,129,612
C2631,?????,?????,46.96,45,612
C2631,?????,?????,46.96,30,612
C2631,?????,?????,51.86,286,612
C2141,?????,?????,36.62,120,445
C2141,?????,?????,41.99,120,445
C2141,?????,?????,46.9,120,445
C2141,?????,?????,46.9,144,445
C1569,?????,?????,36.19,43,442
C1569,?????,?????,36.23,46,442
C1569,?????,?????,36.3,23,442
C1569,?????,?????,36.63,227,442
C1569,?????,?????,36.63,53,442
C1569,?????,?????,46.22,200,442
C1569,?????,?????,46.22,39,442
C2099,?????,??????,39.56,80,258
C2099,?????,??????,46.9,76,258
C2099,?????,??????,46.9,36,258
C2099,?????,??????,46.9,84,258
C2099,?????,??????,59.89,56,258
C2287,?????,??????,39.72,38,330
C2287,?????,??????,39.72,25,330
C2287,?????,??????,46.9,167,330
C2287,?????,??????,46.9,39,330
C2287,?????,??????,46.9,75,330
C2287,?????,??????,51.93,26,330
C2287,?????,??????,51.93,39,330
C2055,?????,??????,39.72,177,817
C2055,?????,??????,39.72,80,817
C2055,?????,??????,46.9,222,817
C2055,?????,??????,46.9,114,817
C2055,?????,??????,51.93,150,817
C2055,?????,??????,51.93,30,817
C1428,?????,??????,36.65,109,360
C1428,?????,??????,46.91,47,360
C1428,?????,??????,46.91,24,360
C1428,?????,??????,46.91,74,360
C1428,?????,??????,46.91,37,360
C1428,?????,??????,51.93,70,360
C1428,?????,??????,51.93,14,360
C2522,?????,??????,39.72,314,698
C2522,?????,??????,39.72,67,698
C2522,?????,??????,46.9,84,698
C2522,?????,??????,46.9,15,698
C2522,?????,??????,46.9,87,698
C2522,?????,??????,51.93,150,698
C2522,?????,??????,51.93,30,698
C2560,?????,??????,51.86,288,374
C2560,?????,??????,59.57,84,374
C2068,?????,??????,51.86,322,384
C2068,?????,??????,59.57,112,384
C2603,?????,??????,46.79,30,393
C2603,?????,??????,46.9,244,393
C2603,?????,??????,46.9,115,393
C2603,?????,??????,46.9,30,393
C2603,?????,??????,59.29,30,393
C2603,?????,??????,59.88,89,393
C1965,?????,??????,39.66,174,480
C1965,?????,??????,39.66,84,480
C1965,?????,??????,45.79,120,480
C1965,?????,??????,45.79,60,480
C1965,?????,??????,59.86,60,480
C1660,?????,?????,39.51,90,550
C1660,?????,?????,39.84,60,550
C1660,?????,?????,39.84,30,550
C1660,?????,?????,46.18,88,550
C1660,?????,?????,46.71,60,550
C1660,?????,?????,46.71,30,550
C1660,?????,?????,51.71,240,550
C1660,?????,?????,59.99,120,550
C2378,?????,???,51.86,388,640
C2378,?????,???,51.88,270,640
C2378,?????,???,59.57,120,640
C2378,?????,???,59.57,40,640
C1268,?????,???,36.72,276,911
C1268,?????,???,39.48,108,911
C1268,?????,???,46.96,171,911
C1268,?????,???,46.96,282,911
C1268,?????,???,51.86,108,911
C1268,?????,???,59.57,90,911
C1994,?????,?????,46.84,114,319
C1994,?????,?????,46.84,89,319
C1994,?????,?????,51.93,149,319
C1994,?????,?????,51.93,79,319
C1837,?????,?????,33.48,159,366
C1837,?????,?????,33.48,73,366
C1837,?????,?????,46.9,78,366
C1837,?????,?????,46.9,39,366
C1837,?????,?????,51.97,60,366
C1837,?????,?????,51.97,58,366
C1000,?????,??????,39.57,318,438
C1000,?????,??????,39.57,26,438
C1000,?????,??????,39.93,75,438
C1000,?????,??????,46.7,36,438
C1000,?????,??????,46.9,36,438
C1000,?????,??????,51.93,60,438
C1000,?????,??????,51.93,15,438
C1465,?????,??????,36.5,232,812
C1465,?????,??????,36.5,296,812
C1465,?????,??????,36.9,24,812
C1465,?????,??????,46.73,80,812
C1465,?????,??????,46.9,116,812
C1465,?????,??????,46.93,113,812
C1448,?????,?????????,46.85,80,1050
C1448,?????,?????????,46.9,416,1050
C1448,?????,?????????,46.9,130,1050
C1448,?????,?????????,46.9,14,1050
C1448,?????,?????????,51.26,156,1050
C1448,?????,?????????,51.26,48,1050
C1448,?????,?????????,51.82,160,1050
C1448,?????,?????????,59.64,82,1050
C1448,?????,?????????,59.69,30,1050
C1516,?????,??????,36.16,205,367
C1516,?????,??????,36.16,87,367
C1516,?????,??????,36.16,22,367
C1516,?????,??????,46.61,118,367
C1516,?????,??????,46.61,24,367
C2670,?????,??????,33.52,192,600
C2670,?????,??????,39.73,144,600
C2670,?????,??????,39.84,144,600
C2670,?????,??????,39.84,24,600
C2670,?????,??????,51.66,144,600
C1365,?????,???,39.62,44,903
C1365,?????,???,39.62,22,903
C1365,?????,???,46.96,89,903
C1365,?????,???,51.81,15,903
C1365,?????,???,51.9,103,903
C1365,?????,???,59.59,142,903
C1365,?????,???,59.87,34,903
C1365,?????,???,59.87,262,903
C1365,?????,???,59.92,28,903
C1365,?????,???,59.94,136,903
C1177,?????,??????????,33.82,262,1756
C1177,?????,??????????,33.82,36,1756
C1177,?????,??????????,33.91,241,1756
C1177,?????,??????????,39.52,118,1756
C1177,?????,??????????,39.8,7,1756
C1177,?????,??????????,39.91,420,1756
C1177,?????,??????????,39.91,11,1756
C1177,?????,??????????,39.91,40,1756
C1177,?????,??????????,39.91,9,1756
C1177,?????,??????????,39.94,35,1756
C1177,?????,??????????,46.69,154,1756
C1177,?????,??????????,46.84,34,1756
C1177,?????,??????????,46.97,72,1756
C1177,?????,??????????,51.76,70,1756
C1177,?????,??????????,51.83,12,1756
C1177,?????,??????????,51.9,147,1756
C1360,?????,?????,33.48,172,362
C1360,?????,?????,41.99,127,362
C1360,?????,?????,46.9,48,362
C1360,?????,?????,46.9,24,362
C1360,?????,?????,51.97,48,362
C1360,?????,?????,51.97,24,362
C2488,?????,?????????,39.25,299,1105
C2488,?????,?????????,39.77,90,1105
C2488,?????,?????????,39.96,201,1105
C2488,?????,?????????,46.54,90,1105
C2488,?????,?????????,46.85,116,1105
C2488,?????,?????????,46.9,261,1105
C2488,?????,?????????,46.9,85,1105
C2488,?????,?????????,46.98,73,1105
C1406,?????,??????????,33.82,396,1741
C1406,?????,??????????,33.82,47,1741
C1406,?????,??????????,33.82,19,1741
C1406,?????,??????????,33.91,123,1741
C1406,?????,??????????,39.52,246,1741
C1406,?????,??????????,39.91,305,1741
C1406,?????,??????????,39.91,37,1741
C1406,?????,??????????,46.69,58,1741
C1406,?????,??????????,46.69,30,1741
C1406,?????,??????????,46.97,150,1741
C1406,?????,??????????,51.76,116,1741
C1406,?????,??????????,51.76,30,1741
C1406,?????,??????????,51.83,15,1741
C1406,?????,??????????,51.9,75,1741
C1566,?????,??????,36.52,12,387
C1566,?????,??????,36.74,258,387
C1566,?????,??????,36.74,28,387
C1566,?????,??????,46.46,56,387
C1566,?????,??????,46.46,24,387
C1566,?????,??????,51.6,84,387
C1227,?????,?????,29.95,75,707
C1227,?????,?????,29.96,85,707
C1227,?????,?????,36.81,295,707
C1227,?????,?????,36.81,40,707
C1227,?????,?????,46.73,16,707
C1227,?????,?????,46.73,16,707
C1227,?????,?????,46.92,75,707
C1227,?????,?????,51.87,146,707
C1227,?????,?????,51.87,58,707
C2460,?????,???,26.9,192,879
C2460,?????,???,36.8,339,879
C2460,?????,???,46.93,92,879
C2460,?????,???,46.93,86,879
C2460,?????,???,46.93,172,879
C2460,?????,???,55.88,136,879
C2486,?????,?????,29.95,44,515
C2486,?????,?????,29.96,65,515
C2486,?????,?????,36.81,201,515
C2486,?????,?????,36.81,20,515
C2486,?????,?????,36.81,18,515
C2486,?????,?????,46.73,20,515
C2486,?????,?????,46.73,20,515
C2486,?????,?????,46.92,44,515
C2486,?????,?????,51.87,106,515
C2486,?????,?????,51.87,51,515
C2106,?????,??????,33.39,180,434
C2106,?????,??????,39.57,43,434
C2106,?????,??????,39.57,129,434
C2106,?????,??????,46.9,62,434
C2106,?????,??????,46.9,90,434
C1572,?????,?????,33.55,88,770
C1572,?????,?????,33.55,294,770
C1572,?????,?????,36.74,68,770
C1572,?????,?????,36.74,140,770
C1572,?????,?????,46.43,234,770
C1572,?????,?????,51.55,113,770
C1773,?????,???,26.91,141,772
C1773,?????,???,36.76,23,772
C1773,?????,???,36.93,292,772
C1773,?????,???,46.73,59,772
C1773,?????,???,46.83,133,772
C1773,?????,???,46.83,20,772
C1773,?????,???,46.94,60,772
C1773,?????,???,55.7,56,772
C1773,?????,???,55.74,56,772
C1677,?????,???,26.47,108,1039
C1677,?????,???,26.88,132,1039
C1677,?????,???,36.64,108,1039
C1677,?????,???,36.64,60,1039
C1677,?????,???,36.73,210,1039
C1677,?????,???,46.42,72,1039
C1677,?????,???,46.7,140,1039
C1677,?????,???,46.94,64,1039
C1677,?????,???,51.98,122,1039
C1677,?????,???,59.4,50,1039
C1677,?????,???,59.4,78,1039
C1823,?????,??????,36.74,308,584
C1823,?????,??????,36.74,24,584
C1823,?????,??????,46.43,24,584
C1823,?????,??????,46.43,153,584
C1823,?????,??????,46.43,24,584
C1823,?????,??????,46.43,20,584
C1344,?????,?????????,51.89,35,467
C1344,?????,?????????,59.93,43,467
C1344,?????,?????????,74.97,41,467
C1344,?????,?????????,84.95,39,467
C1344,?????,?????????,84.97,42,467
C1344,?????,?????????,84.99,100,467
C2692,?????,?????,36.64,277,409
C2692,?????,?????,36.64,57,409
C2692,?????,?????,46.49,60,409
C2692,?????,?????,46.49,45,409
C2692,?????,?????,51.59,60,409
C2505,?????,?????,36.77,52,153
C2505,?????,?????,36.77,18,153
C2505,?????,?????,36.77,80,153
C2505,?????,?????,46.46,10,153
C2505,?????,?????,46.48,40,153
C2587,?????,?????,39.57,228,506
C2587,?????,?????,39.57,60,506
C2587,?????,?????,39.93,46,506
C2587,?????,?????,46.9,60,506
C2587,?????,?????,46.9,12,506
C2587,?????,?????,51.93,174,506
C2587,?????,?????,51.93,23,506
C2127,?????,?????,39.57,240,592
C2127,?????,?????,39.57,112,592
C2127,?????,?????,46.9,60,592
C2127,?????,?????,46.9,60,592
C2127,?????,?????,46.9,108,592
C2127,?????,?????,51.35,120,592
C1316,?????,???????,33.76,96,27
C1316,?????,???????,51.73,11,27
C1674,?????,??????,36.55,33,262
C1674,?????,??????,36.55,17,262
C1674,?????,??????,36.57,140,262
C1674,?????,??????,46.25,36,262
C1674,?????,??????,46.25,70,262
C1674,?????,??????,46.9,22,262
C1713,?????,?????,36.5,196,527
C1713,?????,?????,36.5,84,527
C1713,?????,?????,36.5,129,527
C1713,?????,?????,36.5,45,527
C1713,?????,?????,46.54,90,527
C1713,?????,?????,51.93,112,527
C1845,?????,??????,36.74,156,248
C1845,?????,??????,46.46,90,248
C1845,?????,??????,46.51,30,248
C1845,?????,??????,51.6,30,248
C2082,?????,???,26.9,176,845
C2082,?????,???,36.8,332,845
C2082,?????,???,46.93,144,845
C2082,?????,???,46.93,62,845
C2082,?????,???,46.93,120,845
C2082,?????,???,55.88,136,845
C1328,?????,???,26.12,160,871
C1328,?????,???,36.55,144,871
C1328,?????,???,36.55,26,871
C1328,?????,???,36.64,207,871
C1328,?????,???,36.78,33,871
C1328,?????,???,46.49,69,871
C1328,?????,???,46.49,63,871
C1328,?????,???,46.61,92,871
C1328,?????,???,46.61,38,871
C1328,?????,???,51.75,128,871
C1328,?????,???,51.75,32,871
C2357,?????,?•ÎÅç????,33.51,99,484
C2357,?????,?•ÎÅç????,39.64,66,484
C2357,?????,?•ÎÅç????,39.86,99,484
C2357,?????,?•ÎÅç????,46.21,66,484
C2357,?????,?•ÎÅç????,46.98,38,484
C2357,?????,?•ÎÅç????,51.3,165,484
C2565,?????,?????,39.72,30,915
C2565,?????,?????,39.72,10,915
C2565,?????,?????,39.83,179,915
C2565,?????,?????,46.9,112,915
C2565,?????,?????,46.9,30,915
C2565,?????,?????,46.9,150,915
C2565,?????,?????,46.9,30,915
C2565,?????,?????,46.9,15,915
C2565,?????,?????,46.9,60,915
C2565,?????,?????,51.93,240,915
C2565,?????,?????,51.93,90,915
C2565,?????,?????,59.88,60,915
C1804,?????,???,75.56,6,629
C1804,?????,???,84.64,4,629
C1804,?????,???,84.97,13,629
C1804,?????,???,84.98,3,629
C1397,?????,?????????,23.32,51,1590
C1397,?????,?????????,46.79,4,1590
C1397,?????,?????????,46.91,69,1590
C1397,?????,?????????,51.96,24,1590
C1397,?????,?????????,51.99,80,1590
C1397,?????,?????????,59.93,142,1590
C2255,?????,???????,29.33,24,400
C2255,?????,???????,29.89,114,400
C2255,?????,???????,36.84,178,400
C2255,?????,???????,46.5,144,400
C2255,?????,???????,23.93,34,400
C2255,?????,???????,26.67,66,400
C1343,?????,???,36.75,80,528
C1343,?????,???,36.75,90,528
C1343,?????,???,36.75,45,528
C1343,?????,???,46.9,39,528
C1343,?????,???,46.9,39,528
C1343,?????,???,46.9,203,528
C1343,?????,???,51.6,65,528
C1343,?????,???,51.6,26,528
C1343,?????,???,51.6,13,528
C1987,?????,?•ÎÅç????,46.53,31,257
C1987,?????,?•ÎÅç????,46.53,128,257
C1987,?????,?•ÎÅç????,46.53,35,257
C1987,?????,?•ÎÅç????,46.53,6,257
C1987,?????,?•ÎÅç????,51.55,19,257
C1987,?????,?•ÎÅç????,51.55,72,257
C2479,?????,???,36.64,166,615
C2479,?????,???,36.64,114,615
C2479,?????,???,46.42,18,615
C2479,?????,???,46.42,228,615
C2479,?????,???,46.42,28,615
C2479,?????,???,51.25,28,615
C2479,?????,???,51.25,97,615
C2352,?????,?????????,36.05,25,879
C2352,?????,?????????,36.08,448,879
C2352,?????,?????????,36.62,84,879
C2352,?????,?????????,46.01,128,879
C2352,?????,?????????,46.01,52,879
C2352,?????,?????????,46.05,64,879
C2352,?????,?????????,46.71,72,879
C2352,?????,?????????,21.78,62,879
C2352,?????,?????????,29.43,94,879
C2352,?????,?????????,29.43,36,879
C1310,?????,??????,26.99,150,936
C1310,?????,??????,39.97,510,936
C1310,?????,??????,39.97,30,936
C1310,?????,??????,39.98,90,936
C1310,?????,??????,46.98,90,936
C1310,?????,??????,46.98,15,936
C1310,?????,??????,51.98,30,936
C1310,?????,??????,51.98,110,936
C1310,?????,??????,51.98,12,936
C1738,?????,?????,36.88,120,582
C1738,?????,?????,36.88,360,582
C1738,?????,?????,46.98,156,582
C1738,?????,?????,51.69,79,582
C1039,?????,?????????,51.32,126,673
C1039,?????,?????????,59.88,49,673
C1039,?????,?????????,59.94,75,673
C1039,?????,?????????,26.68,26,673
C1039,?????,?????????,36.7,140,673
C1039,?????,?????????,36.7,14,673
C1039,?????,?????????,36.87,43,673
C1039,?????,?????????,46.76,192,673
C1039,?????,?????????,46.96,25,673
C1039,?????,?????????,26.68,70,673
C1039,?????,?????????,33.11,30,673
C1863,?????,??????,29.72,154,1154
C1863,?????,??????,36.89,136,1154
C1863,?????,??????,36.89,54,1154
C1863,?????,??????,36.89,315,1154
C1863,?????,??????,46.79,40,1154
C1863,?????,??????,46.98,160,1154
C1863,?????,??????,46.98,160,1154
C1863,?????,??????,46.98,80,1154
C1426,?????,?????,26.12,96,321
C1426,?????,?????,36.57,40,321
C1426,?????,?????,36.57,52,321
C1426,?????,?????,36.57,26,321
C1426,?????,?????,51.93,160,321
C2659,?????,???,26.66,22,438
C2659,?????,???,26.66,4,438
C2659,?????,???,36.56,246,438
C2659,?????,???,36.56,6,438
C2659,?????,???,36.56,26,438
C2659,?????,???,46.51,110,438
C2659,?????,???,21.63,28,438
C2659,?????,???,21.63,6,438
C2659,?????,???,26.66,11,438
C2659,?????,???,26.66,33,438
C2659,?????,???,26.66,12,438
C2489,?????,?•ÎÅç????,46.72,410,951
C2489,?????,?•ÎÅç????,51.56,488,951
C2489,?????,?•ÎÅç????,59.94,230,951
C2211,?????,??????,36.8,250,230
C2211,?????,??????,36.8,18,230
C2211,?????,??????,46.92,36,230
C2314,?????,??????????,33.42,120,360
C2314,?????,??????????,33.42,16,360
C2314,?????,??????????,36.94,132,360
C2314,?????,??????????,46.34,72,360
C2314,?????,??????????,21.81,64,360
C2314,?????,??????????,21.81,8,360
C2314,?????,??????????,26.44,188,360
C1861,?????,??????,29.85,280,652
C1861,?????,??????,29.9,124,652
C1861,?????,??????,46.93,224,652
C1861,?????,??????,51.68,62,652
C2389,?????,??????,33.48,240,694
C2389,?????,??????,33.92,135,694
C2389,?????,??????,41.64,90,694
C2389,?????,??????,41.96,45,694
C2389,?????,??????,51.93,135,694
C2389,?????,??????,51.93,45,694
C1490,?????,??????,74.42,86,759
C1490,?????,??????,74.92,75,759
C1490,?????,??????,84.53,415,759
C1490,?????,??????,84.86,79,759
C1024,?????,?????????,59.96,150,877
C1024,?????,?????????,74.89,41,877
C1024,?????,?????????,74.89,8,877
C1024,?????,?????????,74.97,102,877
C1024,?????,?????????,74.97,65,877
C1024,?????,?????????,84.83,34,877
C1024,?????,?????????,84.92,20,877
C1024,?????,?????????,84.92,35,877
C1024,?????,?????????,84.92,5,877
C1024,?????,?????????,84.96,17,877
C1788,?????,?????,51.59,116,380
C1788,?????,?????,59.97,260,380
C1740,?????,?????,59.95,200,978
C1740,?????,?????,59.99,82,978
C1740,?????,?????,74.9,107,978
C1740,?????,?????,84.98,78,978
C2620,?????,??????,59.89,53,1061
C2620,?????,??????,59.9,197,1061
C2620,?????,??????,74.91,271,1061
C2620,?????,??????,84.72,146,1061
C2620,?????,??????,84.96,239,1061
C1286,?????,??????,74.91,192,988
C1286,?????,??????,84.94,93,988
C1286,?????,??????,84.96,634,988
C2085,?????,?????????,51.96,63,1590
C2085,?????,?????????,51.99,41,1590
C2085,?????,?????????,59.93,315,1590
C2085,?????,?????????,74.8,208,1590
C2085,?????,?????????,84.05,20,1590
C2085,?????,?????????,84.05,4,1590
C2085,?????,?????????,84.39,314,1590
C2085,?????,?????????,84.39,4,1590
C1089,?????,??????,36.8,210,285
C1089,?????,??????,36.8,20,285
C1089,?????,??????,46.52,58,285
C1089,?????,??????,46.52,29,285
C1089,?????,??????,51.79,25,285
C1089,?????,??????,51.79,26,285
C2237,?????,???????,36.78,58,50
C2237,?????,???????,36.78,4,50
C2237,?????,???????,46.87,8,50
C1341,?????,?????????,36.03,165,731
C1341,?????,?????????,36.03,9,731
C1341,?????,?????????,36.03,47,731
C1341,?????,?????????,36.03,3,731
C1341,?????,?????????,36.03,274,731
C1341,?????,?????????,36.03,18,731
C1341,?????,?????????,46.25,156,731
C1341,?????,?????????,23.76,232,731
C1341,?????,?????????,23.76,18,731
C1338,?????,?•ÎÅç????,41.83,98,551
C1338,?????,?•ÎÅç????,41.83,28,551
C1338,?????,?•ÎÅç????,41.94,108,551
C1338,?????,?•ÎÅç????,41.97,92,551
C1338,?????,?•ÎÅç????,46.9,14,551
C1338,?????,?•ÎÅç????,46.9,14,551
C1338,?????,?•ÎÅç????,46.95,100,551
C1338,?????,?•ÎÅç????,46.95,50,551
C1338,?????,?•ÎÅç????,51.93,80,551
C1338,?????,?•ÎÅç????,51.93,38,551
C2405,?????,?????,75.84,48,728
C2405,?????,?????,75.99,54,728
C2405,?????,?????,84.95,182,728
C1969,?????,?ìû??????,29.85,124,1192
C1969,?????,?ìû??????,36.93,762,1192
C1969,?????,?ìû??????,36.93,32,1192
C1969,?????,?ìû??????,46.69,268,1192
C1969,?????,?ìû??????,26.69,140,1192
C1969,?????,?ìû??????,26.69,40,1192
C2274,?????,??????,29.72,120,1182
C2274,?????,??????,29.72,176,1182
C2274,?????,??????,36.86,78,1182
C2274,?????,??????,36.86,26,1182
C2274,?????,??????,36.95,342,1182
C2274,?????,??????,46.66,94,1182
C2274,?????,??????,46.94,286,1182
C1699,?????,???,36.64,438,680
C1699,?????,???,46.42,70,680
C1699,?????,???,46.42,32,680
C1699,?????,???,46.42,36,680
C1699,?????,???,51.85,130,680
C1699,?????,???,51.85,24,680
C1699,?????,???,51.85,22,680
C2251,?????,???,26.97,34,809
C2251,?????,???,36.73,188,809
C2251,?????,???,36.73,94,809
C2251,?????,???,46.42,34,809
C2251,?????,???,46.42,17,809
C2251,?????,???,46.42,17,809
C2251,?????,???,46.7,192,809
C2251,?????,???,46.7,96,809
C2251,?????,???,46.7,94,809
C2251,?????,???,51.5,100,809
C2251,?????,???,51.5,20,809
C1340,?????,??????,29.79,48,523
C1340,?????,??????,29.79,152,523
C1340,?????,??????,36.83,160,523
C1340,?????,??????,36.83,32,523
C1340,?????,??????,46.61,160,523
C2373,?????,????????????,36.81,276,948
C2373,?????,????????????,36.81,180,948
C2373,?????,????????????,36.81,36,948
C2373,?????,????????????,46.9,72,948
C2373,?????,????????????,46.9,214,948
C2373,?????,????????????,51.95,72,948
C1455,?????,??????,29.99,164,349
C1455,?????,??????,36.84,104,349
C1455,?????,??????,46.76,164,349
C1095,?????,???,29.95,66,528
C1095,?????,???,36.9,36,528
C1095,?????,???,36.98,102,528
C1095,?????,???,36.98,320,528
C1095,?????,???,46.94,178,528
C1095,?????,???,46.96,240,528
C1095,?????,???,51.7,202,528
C1095,?????,???,59.94,112,528
C2137,?????,?????,29.66,180,876
C2137,?????,?????,36.59,360,876
C2137,?????,?????,46.45,420,876
C1985,?????,??????,36.83,289,722
C1985,?????,??????,36.83,87,722
C1985,?????,??????,46.84,322,722
C1985,?????,??????,59.72,176,722
C2583,?????,??????????,36.85,24,752
C2583,?????,??????????,36.85,70,752
C2583,?????,??????????,36.93,604,752
C2583,?????,??????????,36.93,24,752
C2583,?????,??????????,46.78,72,752
C2583,?????,??????????,46.78,72,752
C2583,?????,??????????,21.97,60,752
C2583,?????,??????????,26.9,60,752
C2583,?????,??????????,26.9,36,752
C2583,?????,??????????,26.9,72,752
C2583,?????,??????????,26.9,12,752
C2663,?????,???,26.98,112,700
C2663,?????,???,36.65,180,700
C2663,?????,???,36.94,40,700
C2663,?????,???,46.79,300,700
C2663,?????,???,46.79,20,700
C2663,?????,???,51.88,120,700
C2450,?????,???,36.64,262,437
C2450,?????,???,46.42,53,437
C2450,?????,???,46.42,76,437
C2450,?????,???,46.42,44,437
C2450,?????,???,51.57,20,437
C2450,?????,???,51.57,28,437
C2329,?????,?ìû??????,29.68,216,973
C2329,?????,?ìû??????,36.47,540,973
C2329,?????,?ìû??????,46.73,168,973
C2329,?????,?ìû??????,51.29,104,973
C1834,?????,??????,36.79,212,268
C1834,?????,??????,46.42,78,268
C1834,?????,??????,51.5,36,268
C1649,?????,?????,74.97,80,1066
C1649,?????,?????,84.95,124,1066
C1649,?????,?????,84.96,289,1066
C1649,?????,?????,84.98,82,1066
C1848,?????,?????????,51.87,150,660
C1848,?????,?????????,59.67,70,660
C1848,?????,?????????,59.89,224,660
C1848,?????,?????????,59.89,56,660
C1848,?????,?????????,59.95,32,660
C1743,?????,?ìû??????,67.86,38,944
C1743,?????,?ìû??????,67.86,87,944
C1743,?????,?ìû??????,67.88,38,944
C1743,?????,?ìû??????,67.88,87,944
C1743,?????,?ìû??????,74.93,116,944
C1743,?????,?ìû??????,74.93,257,944
C1743,?????,?ìû??????,84.83,168,944
C1350,?????,??????????,74.94,317,1636
C1350,?????,??????????,74.94,137,1636
C1350,?????,??????????,74.94,22,1636
C1350,?????,??????????,84.94,164,1636
C1350,?????,??????????,84.94,19,1636
C1350,?????,??????????,84.96,26,1636
C1350,?????,??????????,84.97,26,1636
C1350,?????,??????????,51.99,106,1636
C1350,?????,??????????,59.91,13,1636
C1350,?????,??????????,59.92,223,1636
C1350,?????,??????????,51.99,146,1636
C1350,?????,??????????,59.91,32,1636
C1350,?????,??????????,59.92,170,1636
C1402,?????,??????,59.91,60,344
C1402,?????,??????,59.91,30,344
C1402,?????,??????,74.89,116,344
C1402,?????,??????,84.92,39,344
C1402,?????,??????,84.97,99,344
C1103,?????,??????,29.91,269,939
C1103,?????,??????,36.71,232,939
C1103,?????,??????,46.73,268,939
C1103,?????,??????,51.51,166,939
C1129,?????,???,51.79,350,1275
C1129,?????,???,51.95,258,1275
C1129,?????,???,59.68,33,1275
C1129,?????,???,59.68,111,1275
C1129,?????,???,59.72,31,1275
C1129,?????,???,59.8,343,1275
C1129,?????,???,59.89,177,1275
C1129,?????,???,59.98,141,1275
C1027,?????,?????,33.83,174,461
C1027,?????,?????,39.56,88,461
C1027,?????,?????,46.63,138,461
C1027,?????,?????,46.63,30,461
C1027,?????,?????,46.95,22,461
C2377,?????,?????,33.83,408,1110
C2377,?????,?????,39.56,366,1110
C2377,?????,?????,46.63,96,1110
C2377,?????,?????,46.95,44,1110
C2377,?????,?????,51.96,146,1110
C2377,?????,?????,51.96,45,1110
C2431,?????,?????,36.77,272,1066
C2431,?????,?????,46.78,200,1066
C2661,?????,????????????,26.99,140,297
C2661,?????,????????????,36.98,110,297
C2661,?????,????????????,46.96,104,297
C1263,?????,??????,29.79,48,214
C1263,?????,??????,29.81,12,214
C1263,?????,??????,36.42,28,214
C1263,?????,??????,36.48,120,214
C1263,?????,??????,46.36,60,214
C1136,?????,???,26.89,296,865
C1136,?????,???,36.72,296,865
C1136,?????,???,46.4,228,865
C1136,?????,???,51.76,164,865
C2605,?????,??????,39.93,450,535
C2605,?????,??????,46.76,116,535
C2605,?????,??????,49.81,58,535
C2393,?????,???,36.89,18,1176
C2393,?????,???,36.89,308,1176
C2393,?????,???,36.98,536,1176
C2393,?????,???,36.98,20,1176
C2393,?????,???,46.46,120,1176
C2393,?????,???,46.46,20,1176
C2393,?????,???,46.74,138,1176
C2393,?????,???,46.74,6,1176
C2393,?????,???,26.7,90,1176
C2393,?????,???,26.7,14,1176
C2393,?????,???,26.7,144,1176
C2393,?????,???,33.91,4,1176
C2393,?????,???,33.91,128,1176
C1673,?????,??????,29.99,168,549
C1673,?????,??????,29.99,12,549
C1673,?????,??????,36.84,280,549
C1673,?????,??????,46.76,168,549
C1673,?????,??????,46.76,12,549
C1017,?????,??????????,26.86,324,1534
C1017,?????,??????????,36.68,580,1534
C1017,?????,??????????,46.97,556,1534
C2539,?????,???????,29.91,128,237
C2539,?????,???????,29.91,10,237
C2539,?????,???????,36.7,128,237
C2539,?????,???????,36.7,12,237
C2539,?????,???????,46.94,60,237
C2539,?????,???????,26.81,58,237
C1933,?????,?????????,66.85,100,1202
C1933,?????,?????????,66.94,20,1202
C1933,?????,?????????,66.94,20,1202
C1933,?????,?????????,66.96,488,1202
C1933,?????,?????????,74.73,94,1202
C1933,?????,?????????,74.98,300,1202
C2316,?????,?ìû??????,29.13,36,983
C2316,?????,?ìû??????,29.8,272,983
C2316,?????,?ìû??????,36.96,574,983
C2316,?????,?ìû??????,46.89,244,983
C2051,?????,????????????,59.39,2,755
C2051,?????,????????????,59.87,48,755
C2051,?????,????????????,59.87,241,755
C2051,?????,????????????,59.96,3,755
C2051,?????,????????????,65.39,24,755
C2051,?????,????????????,72.82,64,755
C2051,?????,????????????,74.55,267,755
C2051,?????,????????????,79.61,7,755
C2051,?????,????????????,79.74,35,755
C2051,?????,????????????,79.93,3,755
C2051,?????,????????????,84.32,22,755
C2051,?????,????????????,84.51,8,755
C2051,?????,????????????,84.58,2,755
C2051,?????,????????????,84.59,10,755
C2051,?????,????????????,84.82,6,755
C2051,?????,????????????,84.82,23,755
C2051,?????,????????????,84.86,163,755
C2051,?????,????????????,84.89,3,755
C2051,?????,????????????,84.91,126,755
C2051,?????,????????????,84.92,87,755
C2051,?????,????????????,84.93,2,755
C2051,?????,????????????,84.93,6,755
C2051,?????,????????????,84.93,12,755
C2414,?????,??????,59.97,174,986
C2414,?????,??????,59.98,532,986
C2414,?????,??????,59.98,174,986
C2414,?????,??????,59.98,44,986
C1301,?????,?ìû??????,26.92,96,320
C1301,?????,?ìû??????,26.92,24,320
C1301,?????,?ìû??????,33.97,220,320
C1700,?????,?ìû??????,51.98,572,804
C1700,?????,?ìû??????,59.91,266,804
C1700,?????,?ìû??????,59.93,84,804
C1636,?????,???,74.85,128,750
C1636,?????,???,84.97,74,750
C1636,?????,???,84.97,48,750
C1636,?????,???,84.98,382,750
C2612,?????,????????????,29.71,628,1689
C2612,?????,????????????,29.71,54,1689
C2612,?????,????????????,36.61,620,1689
C2612,?????,????????????,46.41,382,1689
C1757,?????,?•ÎÅç????,33.38,260,676
C1757,?????,?•ÎÅç????,39.46,332,676
C1757,?????,?•ÎÅç????,46.17,44,676
C1757,?????,?•ÎÅç????,46.8,158,676
C2507,?????,???,29.62,43,880
C2507,?????,???,29.72,310,880
C2507,?????,???,29.91,48,880
C2507,?????,???,36.02,104,880
C2507,?????,???,36.06,23,880
C2507,?????,???,36.07,193,880
C2507,?????,???,36.73,33,880
C2507,?????,???,46.39,24,880
C2507,?????,???,46.71,6,880
C2507,?????,???,46.76,20,880
C2507,?????,???,46.76,14,880
C2507,?????,???,46.91,54,880
C2507,?????,???,55.61,44,880
C2507,?????,???,21.72,238,880
C2507,?????,???,26.79,30,880
C2507,?????,???,26.81,146,880
C2507,?????,???,29.62,15,880
C2507,?????,???,29.72,109,880
C1163,?????,?????,29.91,88,239
C1163,?????,?????,36.53,176,239
C1163,?????,?????,46.93,52,239
C2627,?????,??????,26.79,138,378
C2627,?????,??????,26.79,12,378
C2627,?????,??????,36.92,138,378
C2627,?????,??????,46.96,172,378
C2627,?????,??????,24.95,96,378
C2627,?????,??????,24.95,24,378
C2040,?????,??????,74.72,48,200
C2040,?????,??????,84.95,150,200
C2609,?????,????????????,21.97,196,490
C2609,?????,????????????,33.97,160,490
C2609,?????,????????????,46.96,200,490
C2001,?????,???,26.91,18,500
C2001,?????,???,26.92,192,500
C2001,?????,???,33.8,170,500
C2001,?????,???,33.8,12,500
C2001,?????,???,46.99,148,500
C1065,?????,?????,26.9,298,1117
C1065,?????,?????,33.92,252,1117
C1065,?????,?????,46.94,388,1117
C1363,?????,???,26.85,150,1798
C1363,?????,???,26.85,88,1798
C1363,?????,???,29.92,90,1798
C1363,?????,???,29.92,72,1798
C1363,?????,???,29.92,340,1798
C1363,?????,???,36.96,375,1798
C1363,?????,???,36.96,144,1798
C1363,?????,???,36.96,45,1798
C1363,?????,???,46.49,58,1798
C1363,?????,???,46.49,141,1798
C1363,?????,???,46.77,515,1798
C1363,?????,???,21.95,86,1798
C1363,?????,???,26.85,300,1798
C1363,?????,???,26.85,164,1798
C2579,?????,???,24.76,186,956
C2579,?????,???,24.77,288,956
C2579,?????,???,37.59,368,956
C2579,?????,???,46.75,133,956
C2579,?????,???,51.72,19,956
C2579,?????,???,59.45,64,956
C1048,?????,???,26.99,176,333
C1048,?????,???,37.98,128,333
C1048,?????,???,46.85,64,333
C1210,?????,?ìû??????,21.56,85,773
C1210,?????,?ìû??????,21.56,57,773
C1210,?????,?ìû??????,21.56,498,773
C1210,?????,?ìû??????,26.62,76,773
C1210,?????,?ìû??????,36.74,372,773
C1320,?????,?????,26.8,616,1648
C1320,?????,?????,33.88,728,1648
C1320,?????,?????,46.93,184,1648
C1320,?????,?????,46.93,168,1648
C1941,?????,?????,84.94,64,490
C1941,?????,?????,84.94,72,490
C1941,?????,?????,84.96,16,490
C1941,?????,?????,84.99,252,490
C1326,?????,?•ÎÅç????,24.72,472,1670
C1326,?????,?•ÎÅç????,24.79,104,1670
C1326,?????,?•ÎÅç????,26.83,590,1670
C1326,?????,?•ÎÅç????,37.7,464,1670
C1326,?????,?•ÎÅç????,46.94,304,1670
C1685,?????,??????,26.04,49,167
C1685,?????,??????,26.04,38,167
C1685,?????,??????,26.07,98,167
C1685,?????,??????,26.07,15,167
C1685,?????,??????,26.24,15,167
C1685,?????,??????,33.55,72,167
C1685,?????,??????,42.57,2,167
C1685,?????,??????,42.65,2,167
C1685,?????,??????,43.07,4,167
C2618,?????,???,24.97,430,1319
C2618,?????,???,36.9,408,1319
C2618,?????,???,46.98,368,1319
C2618,?????,???,23.86,176,1319
C2618,?????,???,23.89,168,1319
C1451,?????,???,26.97,480,1382
C1451,?????,???,33.97,600,1382
C1451,?????,???,43.9,304,1382
C1451,?????,???,24.86,100,1382
C1451,?????,???,24.96,134,1382
C2143,?????,??????,74.97,104,434
C2143,?????,??????,74.97,72,434
C2143,?????,??????,84.78,153,434
C2143,?????,??????,84.78,34,434
C1968,?????,??????,26.8,232,309
C1968,?????,??????,26.92,30,309
C1968,?????,??????,36.69,52,309
C1968,?????,??????,46.86,52,309
C1968,?????,??????,23.48,148,309
C2470,?????,??????????,39.9,96,772
C2470,?????,??????????,46.81,264,772
C2470,?????,??????????,59.95,46,772
C1258,?????,?????,26.83,224,658
C1258,?????,?????,26.9,36,658
C1258,?????,?????,37.7,330,658
C1258,?????,?????,46.94,110,658
C1258,?????,?????,24.72,122,658
C1258,?????,?????,24.79,18,658
C2453,?????,???,26.98,230,573
C2453,?????,???,26.98,18,573
C2453,?????,???,37.64,156,573
C2453,?????,???,45.71,130,573
C2453,?????,???,24.98,54,573
C2453,?????,???,24.98,18,573
C2453,?????,???,24.98,52,573
C1659,?????,?????????,16.99,116,635
C1659,?????,?????????,16.99,120,635
C1659,?????,?????????,26.54,8,635
C1659,?????,?????????,26.54,90,635
C1659,?????,?????????,26.54,18,635
C1659,?????,?????????,26.54,238,635
C1659,?????,?????????,26.54,18,635
C1659,?????,?????????,26.58,24,635
C1659,?????,?????????,36.81,72,635
C1659,?????,?????????,36.81,120,635
C1659,?????,?????????,36.93,18,635
C1659,?????,?????????,44.78,48,635
C1659,?????,?????????,44.96,12,635
C1724,?????,?????,31.65,210,878
C1724,?????,?????,24.74,80,878
C1724,?????,?????,21.54,22,878
C1724,?????,?????,21.54,97,878
C1724,?????,?????,21.54,33,878
C1724,?????,?????,21.9,234,878
C1724,?????,?????,26.27,344,878
C1724,?????,?????,26.37,40,878
C1724,?????,?????,36.78,172,878
C1724,?????,?????,36.89,24,878
C1802,?????,????????????,57.53,32,1500
C1802,?????,????????????,57.87,2,1500
C1802,?????,????????????,59.91,4,1500
C1802,?????,????????????,59.91,410,1500
C1802,?????,????????????,59.91,146,1500
C1802,?????,????????????,59.92,625,1500
C1802,?????,????????????,59.92,27,1500
C1802,?????,????????????,59.92,16,1500
C1802,?????,????????????,59.93,18,1500
C1802,?????,????????????,59.97,2,1500
C1802,?????,????????????,59.97,156,1500
C1939,?????,???,26.73,168,1713
C1939,?????,???,26.73,726,1713
C1939,?????,???,26.83,6,1713
C1939,?????,???,26.83,114,1713
C1939,?????,???,37.43,56,1713
C1939,?????,???,37.43,508,1713
C1939,?????,???,37.6,8,1713
C1939,?????,???,37.6,88,1713
C1939,?????,???,46.99,660,1713
C1284,?????,?????,59.72,59,543
C1284,?????,?????,59.92,469,543
C2595,?????,?????,59.95,137,897
C2595,?????,?????,59.96,557,897
C2595,?????,?????,74.93,105,897
C2595,?????,?????,84.9,60,897
C2595,?????,?????,84.98,8,897
C2351,?????,???,51.05,47,542
C2351,?????,???,51.05,49,542
C2351,?????,???,51.08,98,542
C2351,?????,???,59.07,324,542
C2351,?????,???,59.07,24,542
C2506,?????,?ìû??????,49.76,110,1201
C2506,?????,?ìû??????,49.76,100,1201
C2506,?????,?ìû??????,49.76,20,1201
C2506,?????,?ìû??????,59.92,20,1201
C2506,?????,?ìû??????,59.93,59,1201
C2506,?????,?ìû??????,59.98,266,1201
C2506,?????,?ìû??????,59.98,232,1201
C2506,?????,?ìû??????,59.98,39,1201
C2506,?????,?ìû??????,59.99,78,1201
C2506,?????,?ìû??????,59.99,20,1201
C2506,?????,?ìû??????,74.6,20,1201
C2506,?????,?ìû??????,74.7,20,1201
C2506,?????,?ìû??????,74.97,40,1201
C2506,?????,?ìû??????,74.97,20,1201
C2506,?????,?ìû??????,84.67,20,1201
C2506,?????,?ìû??????,84.67,20,1201
C2506,?????,?ìû??????,84.96,40,1201
C1697,?????,???,74.55,112,727
C1697,?????,???,74.65,58,727
C1697,?????,???,74.8,58,727
C1697,?????,???,84.74,72,727
C1697,?????,???,84.9,38,727
C1697,?????,???,84.99,188,727
C2259,?????,???,74.55,200,1306
C2259,?????,???,74.65,103,1306
C2259,?????,???,74.8,105,1306
C2259,?????,???,84.74,94,1306
C2259,?????,???,84.9,155,1306
C2259,?????,???,84.99,290,1306
C1786,?????,??????,16.91,156,338
C1786,?????,??????,26.9,136,338
C1786,?????,??????,26.9,72,338
C1786,?????,??????,26.9,24,338
C1786,?????,??????,36.91,92,338
C1357,?????,?•ÎÅç????,74.84,80,1001
C1357,?????,?•ÎÅç????,74.9,656,1001
C1357,?????,?•ÎÅç????,74.9,20,1001
C1357,?????,?•ÎÅç????,84.88,152,1001
C2570,?????,??????,21.43,160,318
C2570,?????,??????,23.54,16,318
C2570,?????,??????,23.54,8,318
C2570,?????,??????,26.6,94,318
C2570,?????,??????,26.6,22,318
C2570,?????,??????,26.6,36,318
C2570,?????,??????,26.81,24,318
C2570,?????,??????,36.17,90,318
C1652,?????,?????????,16.84,188,423
C1652,?????,?????????,29.76,48,423
C1652,?????,?????????,29.76,24,423
C1652,?????,?????????,29.76,42,423
C1652,?????,?????????,29.76,118,423
C1652,?????,?????????,29.76,32,423
C1652,?????,?????????,29.76,72,423
C1652,?????,?????????,36.85,96,423
C1652,?????,?????????,36.85,4,423
C1652,?????,?????????,36.85,128,423
C1652,?????,?????????,36.85,4,423
C1652,?????,?????????,44.83,134,423
C1565,?????,?ìû??????,21.86,548,719
C1565,?????,?ìû??????,21.86,54,719
C1565,?????,?ìû??????,21.86,48,719
C1565,?????,?ìû??????,36.92,370,719
C1910,?????,??????,16.85,216,350
C1910,?????,??????,16.85,12,350
C1910,?????,??????,26.65,58,350
C1910,?????,??????,26.65,58,350
C1910,?????,??????,26.68,28,350
C1910,?????,??????,26.68,12,350
C1910,?????,??????,26.68,28,350
C1910,?????,??????,36.46,120,350
C1910,?????,??????,36.46,68,350
C1910,?????,??????,36.46,12,350
C2359,?????,??????,26.98,204,629
C2359,?????,??????,33.09,212,629
C2359,?????,??????,46.65,120,629
C2359,?????,??????,24.43,44,629
C2359,?????,??????,24.71,240,629
C2139,?????,?????,26.94,108,232
C2139,?????,?????,33.94,138,232
C2139,?????,?????,46.95,60,232
C1979,?????,???,16.75,96,183
C1979,?????,???,26.24,10,183
C1979,?????,???,26.24,4,183
C1979,?????,???,26.4,3,183
C1979,?????,???,26.49,22,183
C1979,?????,???,36.14,99,183
C1979,?????,???,36.14,17,183
C1979,?????,???,36.3,16,183
C1979,?????,???,36.3,3,183
C1803,?????,??Åç????,16.67,32,57
C1803,?????,??Åç????,26.11,3,57
C1803,?????,??Åç????,26.11,3,57
C1803,?????,??Åç????,26.26,16,57
C1803,?????,??Åç????,26.26,6,57
C1803,?????,??Åç????,26.26,6,57
C1803,?????,??Åç????,36.16,8,57
C1803,?????,??Åç????,36.16,8,57
C1803,?????,??Åç????,36.16,9,57
C1803,?????,??Åç????,36.16,9,57
C2508,?????,??????,26.82,216,496
C2508,?????,??????,26.83,12,496
C2508,?????,??????,37.01,218,496
C2508,?????,??????,37.17,8,496
C2508,?????,??????,46.16,92,496
C2508,?????,??????,24.74,266,496
C2508,?????,??????,24.75,30,496
C2531,?????,????????????,29.26,134,397
C2531,?????,????????????,29.26,30,397
C2531,?????,????????????,46.27,96,397
C2531,?????,????????????,16.8,98,397
C2531,?????,????????????,26.53,56,397
C2531,?????,????????????,36.78,126,397
C1695,?????,??????,16.97,89,109
C1695,?????,??????,26.72,19,109
C1695,?????,??????,26.72,8,109
C1695,?????,??????,26.72,12,109
C1695,?????,??????,36.78,72,109
C2556,?????,??Åç????,36.4,216,249
C2556,?????,??Åç????,36.47,16,249
C2556,?????,??Åç????,46.65,68,249
C2086,?????,????????????,59.87,456,1142
C2086,?????,????????????,59.91,34,1142
C2086,?????,????????????,59.94,58,1142
C2086,?????,????????????,59.94,28,1142
C2086,?????,????????????,59.94,30,1142
C2086,?????,????????????,74.92,156,1142
C2086,?????,????????????,74.93,78,1142
C2086,?????,????????????,84.88,160,1142
C2086,?????,????????????,84.94,80,1142
C1544,?????,?ìû??????,74.96,146,533
C1544,?????,?ìû??????,84.97,81,533
C1544,?????,?ìû??????,84.98,215,533
C2154,?????,??????,29.92,108,131
C2154,?????,??????,29.92,12,131
C2154,?????,??????,37.29,20,131
C2154,?????,??????,46.69,38,131
C2496,?????,??????,74.8,188,995
C2496,?????,??????,84.86,395,995
C2496,?????,??????,84.91,155,995
C2496,?????,??????,84.98,80,995
C1756,?????,??Åç????,84.97,305,486
C1756,?????,??Åç????,84.97,25,486
C1756,?????,??Åç????,84.98,49,486
C1756,?????,??Åç????,84.98,25,486
C2362,?????,???,21.96,144,1055
C2362,?????,???,21.96,144,1055
C2362,?????,???,21.97,188,1055
C2362,?????,???,21.98,36,1055
C2362,?????,???,21.99,24,1055
C2362,?????,???,26.85,48,1055
C2362,?????,???,26.85,48,1055
C2362,?????,???,26.86,382,1055
C2362,?????,???,26.9,8,1055
C2362,?????,???,26.9,40,1055
C2362,?????,???,26.9,12,1055
C2362,?????,???,36.71,24,1055
C2362,?????,???,36.71,26,1055
C2362,?????,???,36.9,376,1055
C2568,?????,?????,16.87,140,287
C2568,?????,?????,26.95,96,287
C2568,?????,?????,26.95,24,287
C2568,?????,?????,36.63,132,287
C2568,?????,?????,36.63,18,287
C2245,?????,?????,16.71,67,114
C2245,?????,?????,16.71,5,114
C2245,?????,?????,26.95,41,114
C2245,?????,?????,26.95,12,114
C2245,?????,?????,26.95,21,114
C2245,?????,?????,36.99,60,114
C2245,?????,?????,36.99,4,114
C2059,?????,???,16.34,9,13
C2059,?????,???,16.34,3,13
C2059,?????,???,36.79,14,13
C2549,?????,????????????,16.9,80,141
C2549,?????,????????????,26.78,12,141
C2549,?????,????????????,26.79,28,141
C2549,?????,????????????,36.65,70,141
C2549,?????,????????????,36.92,10,141
C1584,?????,???,16.92,39,857
C1584,?????,???,16.92,385,857
C1584,?????,???,26.61,38,857
C1584,?????,???,26.61,388,857
C1584,?????,???,36.64,341,857
C1584,?????,???,36.64,29,857
C2298,?????,??????????,16.85,96,408
C2298,?????,??????????,26.64,204,408
C2298,?????,??????????,26.64,30,408
C2298,?????,??????????,36.86,148,408
C2298,?????,??????????,36.86,100,408
C2225,?????,?????,16.02,120,842
C2225,?????,?????,16.27,44,842
C2225,?????,?????,16.29,340,842
C2225,?????,?????,26.17,110,842
C2225,?????,?????,26.17,120,842
C2225,?????,?????,26.19,16,842
C2225,?????,?????,36.03,290,842
C2225,?????,?????,36.03,60,842
C2225,?????,?????,36.05,100,842
C1218,?????,???,16.45,336,1140
C1218,?????,???,26.52,180,1140
C1218,?????,???,36.37,524,1140
C2328,?????,??????,51.76,250,1239
C2328,?????,??????,59.31,24,1239
C2328,?????,??????,59.36,99,1239
C2328,?????,??????,59.47,4,1239
C2328,?????,??????,59.63,672,1239
C2328,?????,??????,59.64,4,1239
C2328,?????,??????,59.66,24,1239
C1045,?????,??????,26.44,76,288
C1045,?????,??????,26.44,100,288
C1045,?????,??????,36.72,178,288
C1045,?????,??????,46.81,110,288
C1207,?????,?????????,21.88,71,54
C1207,?????,?????????,21.88,5,54
C1207,?????,?????????,39.78,24,54
C1970,?????,?????????,16.8,76,108
C1970,?????,?????????,26.97,12,108
C1970,?????,?????????,26.97,28,108
C1970,?????,?????????,26.97,24,108
C1970,?????,?????????,36.72,60,108
C1732,?????,?????????,16.76,90,188
C1732,?????,?????????,21.84,14,188
C1732,?????,?????????,21.84,14,188
C1732,?????,?????????,21.84,6,188
C1732,?????,?????????,26.7,34,188
C1732,?????,?????????,44.97,106,188
C2433,?????,???,16.89,154,389
C2433,?????,???,16.99,26,389
C2433,?????,???,26.26,88,389
C2433,?????,???,26.37,16,389
C2433,?????,???,36.57,224,389
C1894,?????,???,16.77,110,212
C1894,?????,???,16.77,16,212
C1894,?????,???,23.8,8,212
C1894,?????,???,23.92,26,212
C1894,?????,???,23.92,24,212
C1894,?????,???,30.1,12,212
C1894,?????,???,30.85,8,212
C1894,?????,???,36.87,92,212
C1156,?????,??????,16.64,182,700
C1156,?????,??????,16.64,224,700
C1156,?????,??????,26.49,52,700
C1156,?????,??????,26.51,58,700
C1156,?????,??????,26.51,10,700
C1156,?????,??????,26.62,88,700
C1156,?????,??????,36.53,256,700
C1156,?????,??????,36.53,128,700
C2142,?????,??Åç????,26.96,268,772
C2142,?????,??Åç????,26.96,72,772
C2142,?????,??Åç????,37.04,390,772
C2142,?????,??Åç????,46.25,216,772
C2153,?????,??????,27.82,88,345
C2153,?????,??????,27.82,24,345
C2153,?????,??????,37.77,130,345
C2153,?????,??????,46.7,120,345
C2186,?????,?ìû??????,29.17,238,664
C2186,?????,?ìû??????,29.34,38,664
C2186,?????,?ìû??????,37.43,220,664
C2186,?????,?ìû??????,46.51,188,664
C2186,?????,?ìû??????,26.37,219,664
C2186,?????,?ìû??????,26.54,13,664
C1176,?????,??????,26.58,199,1493
C1176,?????,??????,26.58,149,1493
C1176,?????,??????,37.78,313,1493
C1176,?????,??????,37.78,26,1493
C1176,?????,??????,37.78,179,1493
C1176,?????,??????,37.78,20,1493
C1176,?????,??????,46.83,250,1493
C1176,?????,??????,46.97,350,1493
C2446,?????,???,16.95,12,1570
C2446,?????,???,16.95,88,1570
C2446,?????,???,21.98,40,1570
C2446,?????,???,21.98,404,1570
C2446,?????,???,26.66,396,1570
C2446,?????,???,26.66,44,1570
C2446,?????,???,36.77,36,1570
C2446,?????,???,36.77,228,1570
C2446,?????,???,36.77,296,1570
C2446,?????,???,44.56,44,1570
C2446,?????,???,44.56,366,1570
C2446,?????,???,44.56,246,1570
C2586,?????,????????????,16.64,12,66
C2586,?????,????????????,26.52,14,66
C2586,?????,????????????,26.52,10,66
C2586,?????,????????????,26.68,18,66
C2586,?????,????????????,36.72,36,66
C2035,?????,??????,29.53,132,521
C2035,?????,??????,29.53,24,521
C2035,?????,??????,37.44,154,521
C2035,?????,??????,37.44,2,521
C2035,?????,??????,46.81,180,521
C2020,?????,?•ÎÅç????,16.8,20,25
C2020,?????,?•ÎÅç????,26.42,5,25
C2020,?????,?•ÎÅç????,36.63,15,25
C2437,?????,??????,24.83,90,30
C2532,?????,??????,46.61,19,166
C2532,?????,??????,49.2,19,166
C2532,?????,??????,51.08,34,166
C2532,?????,??????,51.73,34,166
C2532,?????,??????,51.96,114,166
C2532,?????,??????,54.95,19,166
